,user_agent,browser,browser.family,browser.version,os,os.family,os.version,device,device.family,device.brand,device.model,user_agent_str
0,"Mozilla/5.0 (Macintosh; PPC Mac OS X 10_8_8) AppleWebKit/531.2 (KHTML, like Gecko) Chrome/51.0.803.0 Safari/531.2","Browser(family='Chrome', version=(51, 0, 803), version_string='51.0.803')",Chrome,51.0.803,"OperatingSystem(family='Mac OS X', version=(10, 8, 8), version_string='10.8.8')",Mac OS X,10.8.8,"Device(family='Mac', brand='Apple', model='Mac')",Mac,Apple,Mac,PC / Mac OS X 10.8.8 / Chrome 51.0.803
1,"Mozilla/5.0 (iPhone; CPU iPhone OS 10_3_4 like Mac OS X) AppleWebKit/532.2 (KHTML, like Gecko) CriOS/31.0.880.0 Mobile/65Y423 Safari/532.2","Browser(family='Chrome Mobile iOS', version=(31, 0, 880), version_string='31.0.880')",Chrome Mobile iOS,31.0.880,"OperatingSystem(family='iOS', version=(10, 3, 4), version_string='10.3.4')",iOS,10.3.4,"Device(family='iPhone', brand='Apple', model='iPhone')",iPhone,Apple,iPhone,iPhone / iOS 10.3.4 / Chrome Mobile iOS 31.0.880
2,Mozilla/5.0 (compatible; MSIE 9.0; Windows CE; Trident/5.0),"Browser(family='IE', version=(9, 0), version_string='9.0')",IE,9.0,"OperatingSystem(family='Windows', version=('CE',), version_string='CE')",Windows,CE,"Device(family='Generic Smartphone', brand='Generic', model='Smartphone')",Generic Smartphone,Generic,Smartphone,Generic Smartphone / Windows CE / IE 9.0
3,"Mozilla/5.0 (Macintosh; PPC Mac OS X 10_9_1) AppleWebKit/536.0 (KHTML, like Gecko) Chrome/51.0.881.0 Safari/536.0","Browser(family='Chrome', version=(51, 0, 881), version_string='51.0.881')",Chrome,51.0.881,"OperatingSystem(family='Mac OS X', version=(10, 9, 1), version_string='10.9.1')",Mac OS X,10.9.1,"Device(family='Mac', brand='Apple', model='Mac')",Mac,Apple,Mac,PC / Mac OS X 10.9.1 / Chrome 51.0.881
4,"Mozilla/5.0 (iPod; U; CPU iPhone OS 4_1 like Mac OS X; ast-ES) AppleWebKit/532.44.3 (KHTML, like Gecko) Version/4.0.5 Mobile/8B117 Safari/6532.44.3","Browser(family='Mobile Safari', version=(4, 0, 5), version_string='4.0.5')",Mobile Safari,4.0.5,"OperatingSystem(family='iOS', version=(4, 1), version_string='4.1')",iOS,4.1,"Device(family='iPod', brand='Apple', model='iPod')",iPod,Apple,iPod,iPod / iOS 4.1 / Mobile Safari 4.0.5
5,Opera/9.84.(Windows NT 4.0; dv-MV) Presto/2.9.183 Version/12.00,"Browser(family='Opera', version=(9, 84), version_string='9.84')",Opera,9.84,"OperatingSystem(family='Windows', version=('NT',), version_string='NT')",Windows,NT,"Device(family='Other', brand=None, model=None)",Other,,unknown,PC / Windows NT / Opera 9.84
6,Opera/9.21.(X11; Linux x86_64; lo-LA) Presto/2.9.164 Version/12.00,"Browser(family='Opera', version=(9, 21), version_string='9.21')",Opera,9.21,"OperatingSystem(family='Linux', version=(), version_string='')",Linux,,"Device(family='Other', brand=None, model=None)",Other,,unknown,PC / Linux / Opera 9.21
7,"Mozilla/5.0 (iPhone; CPU iPhone OS 14_2_1 like Mac OS X) AppleWebKit/531.0 (KHTML, like Gecko) CriOS/59.0.833.0 Mobile/26M916 Safari/531.0","Browser(family='Chrome Mobile iOS', version=(59, 0, 833), version_string='59.0.833')",Chrome Mobile iOS,59.0.833,"OperatingSystem(family='iOS', version=(14, 2, 1), version_string='14.2.1')",iOS,14.2.1,"Device(family='iPhone', brand='Apple', model='iPhone')",iPhone,Apple,iPhone,iPhone / iOS 14.2.1 / Chrome Mobile iOS 59.0.833
8,"Mozilla/5.0 (iPhone; CPU iPhone OS 7_1_2 like Mac OS X) AppleWebKit/535.2 (KHTML, like Gecko) FxiOS/17.8a0957.0 Mobile/32Y528 Safari/535.2","Browser(family='Firefox iOS', version=(17, 8), version_string='17.8')",Firefox iOS,17.8,"OperatingSystem(family='iOS', version=(7, 1, 2), version_string='7.1.2')",iOS,7.1.2,"Device(family='iPhone', brand='Apple', model='iPhone')",iPhone,Apple,iPhone,iPhone / iOS 7.1.2 / Firefox iOS 17.8
9,Opera/9.95.(X11; Linux i686; shs-CA) Presto/2.9.182 Version/11.00,"Browser(family='Opera', version=(9, 95), version_string='9.95')",Opera,9.95,"OperatingSystem(family='Linux', version=(), version_string='')",Linux,,"Device(family='Other', brand=None, model=None)",Other,,unknown,PC / Linux / Opera 9.95
10,Mozilla/5.0 (compatible; MSIE 8.0; Windows NT 5.2; Trident/4.0),"Browser(family='IE', version=(8, 0), version_string='8.0')",IE,8.0,"OperatingSystem(family='Windows', version=('XP',), version_string='XP')",Windows,XP,"Device(family='Other', brand=None, model=None)",Other,,unknown,PC / Windows XP / IE 8.0
11,Mozilla/5.0 (Windows NT 5.2; de-LU; rv:1.9.2.20) Gecko/7077-02-05 01:00:03 Firefox/3.8,"Browser(family='Firefox', version=(3, 8), version_string='3.8')",Firefox,3.8,"OperatingSystem(family='Windows', version=('XP',), version_string='XP')",Windows,XP,"Device(family='Other', brand=None, model=None)",Other,,unknown,PC / Windows XP / Firefox 3.8
12,"Mozilla/5.0 (Windows 98; Win 9x 4.90) AppleWebKit/531.1 (KHTML, like Gecko) Chrome/30.0.859.0 Safari/531.1","Browser(family='Chrome', version=(30, 0, 859), version_string='30.0.859')",Chrome,30.0.859,"OperatingSystem(family='Windows', version=('ME',), version_string='ME')",Windows,ME,"Device(family='Other', brand=None, model=None)",Other,,unknown,PC / Windows ME / Chrome 30.0.859
13,Opera/8.58.(Windows NT 5.1; gl-ES) Presto/2.9.188 Version/10.00,"Browser(family='Opera', version=(8, 58), version_string='8.58')",Opera,8.58,"OperatingSystem(family='Windows', version=('XP',), version_string='XP')",Windows,XP,"Device(family='Other', brand=None, model=None)",Other,,unknown,PC / Windows XP / Opera 8.58
14,"Mozilla/5.0 (Windows 95) AppleWebKit/534.1 (KHTML, like Gecko) Chrome/50.0.894.0 Safari/534.1","Browser(family='Chrome', version=(50, 0, 894), version_string='50.0.894')",Chrome,50.0.894,"OperatingSystem(family='Windows', version=(95,), version_string='95')",Windows,95,"Device(family='Other', brand=None, model=None)",Other,,unknown,Other / Windows 95 / Chrome 50.0.894
15,"Mozilla/5.0 (Macintosh; U; Intel Mac OS X 10_9_3) AppleWebKit/535.0 (KHTML, like Gecko) Chrome/55.0.891.0 Safari/535.0","Browser(family='Chrome', version=(55, 0, 891), version_string='55.0.891')",Chrome,55.0.891,"OperatingSystem(family='Mac OS X', version=(10, 9, 3), version_string='10.9.3')",Mac OS X,10.9.3,"Device(family='Mac', brand='Apple', model='Mac')",Mac,Apple,Mac,PC / Mac OS X 10.9.3 / Chrome 55.0.891
16,Opera/8.19.(Windows NT 10.0; bo-CN) Presto/2.9.174 Version/12.00,"Browser(family='Opera', version=(8, 19), version_string='8.19')",Opera,8.19,"OperatingSystem(family='Windows', version=(10,), version_string='10')",Windows,10,"Device(family='Other', brand=None, model=None)",Other,,unknown,PC / Windows 10 / Opera 8.19
17,"Mozilla/5.0 (Macintosh; PPC Mac OS X 10_12_8 rv:4.0; hr-HR) AppleWebKit/532.33.3 (KHTML, like Gecko) Version/5.0 Safari/532.33.3","Browser(family='Safari', version=(5, 0), version_string='5.0')",Safari,5.0,"OperatingSystem(family='Mac OS X', version=(10, 12, 8), version_string='10.12.8')",Mac OS X,10.12.8,"Device(family='Mac', brand='Apple', model='Mac')",Mac,Apple,Mac,PC / Mac OS X 10.12.8 / Safari 5.0
18,"Mozilla/5.0 (Macintosh; U; PPC Mac OS X 10_9_0) AppleWebKit/531.2 (KHTML, like Gecko) Chrome/18.0.881.0 Safari/531.2","Browser(family='Chrome', version=(18, 0, 881), version_string='18.0.881')",Chrome,18.0.881,"OperatingSystem(family='Mac OS X', version=(10, 9, 0), version_string='10.9.0')",Mac OS X,10.9.0,"Device(family='Mac', brand='Apple', model='Mac')",Mac,Apple,Mac,PC / Mac OS X 10.9.0 / Chrome 18.0.881
19,Mozilla/5.0 (X11; Linux i686; rv:1.9.7.20) Gecko/5922-09-29 08:06:55 Firefox/12.0,"Browser(family='Firefox', version=(12, 0), version_string='12.0')",Firefox,12.0,"OperatingSystem(family='Linux', version=(), version_string='')",Linux,,"Device(family='Other', brand=None, model=None)",Other,,unknown,PC / Linux / Firefox 12.0
20,Mozilla/5.0 (compatible; MSIE 8.0; Windows NT 10.0; Trident/5.0),"Browser(family='IE', version=(9, 0), version_string='9.0')",IE,9.0,"OperatingSystem(family='Windows', version=(10,), version_string='10')",Windows,10,"Device(family='Other', brand=None, model=None)",Other,,unknown,PC / Windows 10 / IE 9.0
21,Mozilla/5.0 (compatible; MSIE 6.0; Windows NT 10.0; Trident/5.0),"Browser(family='IE', version=(9, 0), version_string='9.0')",IE,9.0,"OperatingSystem(family='Windows', version=(10,), version_string='10')",Windows,10,"Device(family='Other', brand=None, model=None)",Other,,unknown,PC / Windows 10 / IE 9.0
22,Opera/9.49.(X11; Linux i686; om-ET) Presto/2.9.166 Version/11.00,"Browser(family='Opera', version=(9, 49), version_string='9.49')",Opera,9.49,"OperatingSystem(family='Linux', version=(), version_string='')",Linux,,"Device(family='Other', brand=None, model=None)",Other,,unknown,PC / Linux / Opera 9.49
23,Mozilla/5.0 (X11; Linux x86_64; rv:1.9.6.20) Gecko/9533-07-15 06:18:18 Firefox/3.8,"Browser(family='Firefox', version=(3, 8), version_string='3.8')",Firefox,3.8,"OperatingSystem(family='Linux', version=(), version_string='')",Linux,,"Device(family='Other', brand=None, model=None)",Other,,unknown,PC / Linux / Firefox 3.8
24,Mozilla/5.0 (compatible; MSIE 8.0; Windows 98; Trident/5.1),"Browser(family='IE', version=(8, 0), version_string='8.0')",IE,8.0,"OperatingSystem(family='Windows', version=(98,), version_string='98')",Windows,98,"Device(family='Other', brand=None, model=None)",Other,,unknown,Other / Windows 98 / IE 8.0
25,"Mozilla/5.0 (iPod; U; CPU iPhone OS 3_3 like Mac OS X; ve-ZA) AppleWebKit/533.43.7 (KHTML, like Gecko) Version/4.0.5 Mobile/8B113 Safari/6533.43.7","Browser(family='Mobile Safari', version=(4, 0, 5), version_string='4.0.5')",Mobile Safari,4.0.5,"OperatingSystem(family='iOS', version=(3, 3), version_string='3.3')",iOS,3.3,"Device(family='iPod', brand='Apple', model='iPod')",iPod,Apple,iPod,iPod / iOS 3.3 / Mobile Safari 4.0.5
26,"Mozilla/5.0 (Macintosh; U; Intel Mac OS X 10_12_7 rv:5.0; iu-CA) AppleWebKit/533.26.5 (KHTML, like Gecko) Version/4.0.3 Safari/533.26.5","Browser(family='Safari', version=(4, 0, 3), version_string='4.0.3')",Safari,4.0.3,"OperatingSystem(family='Mac OS X', version=(10, 12, 7), version_string='10.12.7')",Mac OS X,10.12.7,"Device(family='Mac', brand='Apple', model='Mac')",Mac,Apple,Mac,PC / Mac OS X 10.12.7 / Safari 4.0.3
27,"Mozilla/5.0 (iPod; U; CPU iPhone OS 3_3 like Mac OS X; ha-NG) AppleWebKit/535.22.1 (KHTML, like Gecko) Version/4.0.5 Mobile/8B114 Safari/6535.22.1","Browser(family='Mobile Safari', version=(4, 0, 5), version_string='4.0.5')",Mobile Safari,4.0.5,"OperatingSystem(family='iOS', version=(3, 3), version_string='3.3')",iOS,3.3,"Device(family='iPod', brand='Apple', model='iPod')",iPod,Apple,iPod,iPod / iOS 3.3 / Mobile Safari 4.0.5
28,Opera/8.23.(Windows NT 5.01; hr-HR) Presto/2.9.180 Version/12.00,"Browser(family='Opera', version=(8, 23), version_string='8.23')",Opera,8.23,"OperatingSystem(family='Windows', version=(2000,), version_string='2000')",Windows,2000,"Device(family='Other', brand=None, model=None)",Other,,unknown,PC / Windows 2000 / Opera 8.23
29,Opera/8.25.(Windows 98; Win 9x 4.90; yo-NG) Presto/2.9.161 Version/12.00,"Browser(family='Opera', version=(8, 25), version_string='8.25')",Opera,8.25,"OperatingSystem(family='Windows', version=('ME',), version_string='ME')",Windows,ME,"Device(family='Other', brand=None, model=None)",Other,,unknown,PC / Windows ME / Opera 8.25
30,Opera/9.80.(Windows NT 10.0; nso-ZA) Presto/2.9.190 Version/11.00,"Browser(family='Opera', version=(11, 0), version_string='11.0')",Opera,11.0,"OperatingSystem(family='Windows', version=(10,), version_string='10')",Windows,10,"Device(family='Other', brand=None, model=None)",Other,,unknown,PC / Windows 10 / Opera 11.0
31,Opera/9.76.(X11; Linux i686; or-IN) Presto/2.9.168 Version/10.00,"Browser(family='Opera', version=(9, 76), version_string='9.76')",Opera,9.76,"OperatingSystem(family='Linux', version=(), version_string='')",Linux,,"Device(family='Other', brand=None, model=None)",Other,,unknown,PC / Linux / Opera 9.76
32,Mozilla/5.0 (compatible; MSIE 7.0; Windows NT 5.0; Trident/5.0),"Browser(family='IE', version=(9, 0), version_string='9.0')",IE,9.0,"OperatingSystem(family='Windows', version=(2000,), version_string='2000')",Windows,2000,"Device(family='Other', brand=None, model=None)",Other,,unknown,PC / Windows 2000 / IE 9.0
33,"Mozilla/5.0 (iPhone; CPU iPhone OS 10_3_3 like Mac OS X) AppleWebKit/534.1 (KHTML, like Gecko) FxiOS/11.6p9096.0 Mobile/87N603 Safari/534.1","Browser(family='Firefox iOS', version=(11, 6), version_string='11.6')",Firefox iOS,11.6,"OperatingSystem(family='iOS', version=(10, 3, 3), version_string='10.3.3')",iOS,10.3.3,"Device(family='iPhone', brand='Apple', model='iPhone')",iPhone,Apple,iPhone,iPhone / iOS 10.3.3 / Firefox iOS 11.6
34,"Mozilla/5.0 (Macintosh; U; PPC Mac OS X 10_7_0 rv:4.0; tt-RU) AppleWebKit/531.26.5 (KHTML, like Gecko) Version/4.0.1 Safari/531.26.5","Browser(family='Safari', version=(4, 0, 1), version_string='4.0.1')",Safari,4.0.1,"OperatingSystem(family='Mac OS X', version=(10, 7, 0), version_string='10.7.0')",Mac OS X,10.7.0,"Device(family='Mac', brand='Apple', model='Mac')",Mac,Apple,Mac,PC / Mac OS X 10.7.0 / Safari 4.0.1
35,Mozilla/5.0 (compatible; MSIE 8.0; Windows NT 4.0; Trident/4.1),"Browser(family='IE', version=(8, 0), version_string='8.0')",IE,8.0,"OperatingSystem(family='Windows', version=('NT',), version_string='NT')",Windows,NT,"Device(family='Other', brand=None, model=None)",Other,,unknown,PC / Windows NT / IE 8.0
36,"Mozilla/5.0 (Macintosh; PPC Mac OS X 10_8_2) AppleWebKit/534.0 (KHTML, like Gecko) Chrome/43.0.885.0 Safari/534.0","Browser(family='Chrome', version=(43, 0, 885), version_string='43.0.885')",Chrome,43.0.885,"OperatingSystem(family='Mac OS X', version=(10, 8, 2), version_string='10.8.2')",Mac OS X,10.8.2,"Device(family='Mac', brand='Apple', model='Mac')",Mac,Apple,Mac,PC / Mac OS X 10.8.2 / Chrome 43.0.885
37,Mozilla/5.0 (Macintosh; U; Intel Mac OS X 10_6_8; rv:1.9.4.20) Gecko/7265-05-05 08:02:29 Firefox/15.0,"Browser(family='Firefox', version=(15, 0), version_string='15.0')",Firefox,15.0,"OperatingSystem(family='Mac OS X', version=(10, 6, 8), version_string='10.6.8')",Mac OS X,10.6.8,"Device(family='Mac', brand='Apple', model='Mac')",Mac,Apple,Mac,PC / Mac OS X 10.6.8 / Firefox 15.0
38,"Mozilla/5.0 (Macintosh; U; PPC Mac OS X 10_8_7 rv:6.0; hr-HR) AppleWebKit/534.30.4 (KHTML, like Gecko) Version/5.0.3 Safari/534.30.4","Browser(family='Safari', version=(5, 0, 3), version_string='5.0.3')",Safari,5.0.3,"OperatingSystem(family='Mac OS X', version=(10, 8, 7), version_string='10.8.7')",Mac OS X,10.8.7,"Device(family='Mac', brand='Apple', model='Mac')",Mac,Apple,Mac,PC / Mac OS X 10.8.7 / Safari 5.0.3
39,Mozilla/5.0 (Macintosh; U; PPC Mac OS X 10_8_4; rv:1.9.6.20) Gecko/4296-03-21 18:37:18 Firefox/3.6.11,"Browser(family='Firefox', version=(3, 6, 11), version_string='3.6.11')",Firefox,3.6.11,"OperatingSystem(family='Mac OS X', version=(10, 8, 4), version_string='10.8.4')",Mac OS X,10.8.4,"Device(family='Mac', brand='Apple', model='Mac')",Mac,Apple,Mac,PC / Mac OS X 10.8.4 / Firefox 3.6.11
40,Mozilla/5.0 (compatible; MSIE 8.0; Windows NT 4.0; Trident/4.1),"Browser(family='IE', version=(8, 0), version_string='8.0')",IE,8.0,"OperatingSystem(family='Windows', version=('NT',), version_string='NT')",Windows,NT,"Device(family='Other', brand=None, model=None)",Other,,unknown,PC / Windows NT / IE 8.0
41,Mozilla/5.0 (Android 7.1.1; Mobile; rv:6.0) Gecko/6.0 Firefox/6.0,"Browser(family='Firefox Mobile', version=(6, 0), version_string='6.0')",Firefox Mobile,6.0,"OperatingSystem(family='Android', version=(7, 1, 1), version_string='7.1.1')",Android,7.1.1,"Device(family='Generic Smartphone', brand='Generic', model='Smartphone')",Generic Smartphone,Generic,Smartphone,Generic Smartphone / Android 7.1.1 / Firefox Mobile 6.0
42,Mozilla/5.0 (compatible; MSIE 6.0; Windows 95; Trident/4.1),"Browser(family='IE', version=(6, 0), version_string='6.0')",IE,6.0,"OperatingSystem(family='Windows', version=(95,), version_string='95')",Windows,95,"Device(family='Other', brand=None, model=None)",Other,,unknown,Other / Windows 95 / IE 6.0
43,"Mozilla/5.0 (iPod; U; CPU iPhone OS 3_0 like Mac OS X; uz-UZ) AppleWebKit/531.49.2 (KHTML, like Gecko) Version/4.0.5 Mobile/8B118 Safari/6531.49.2","Browser(family='Mobile Safari', version=(4, 0, 5), version_string='4.0.5')",Mobile Safari,4.0.5,"OperatingSystem(family='iOS', version=(3, 0), version_string='3.0')",iOS,3.0,"Device(family='iPod', brand='Apple', model='iPod')",iPod,Apple,iPod,iPod / iOS 3.0 / Mobile Safari 4.0.5
44,"Mozilla/5.0 (Macintosh; PPC Mac OS X 10_9_9 rv:3.0; yue-HK) AppleWebKit/534.19.1 (KHTML, like Gecko) Version/5.1 Safari/534.19.1","Browser(family='Safari', version=(5, 1), version_string='5.1')",Safari,5.1,"OperatingSystem(family='Mac OS X', version=(10, 9, 9), version_string='10.9.9')",Mac OS X,10.9.9,"Device(family='Mac', brand='Apple', model='Mac')",Mac,Apple,Mac,PC / Mac OS X 10.9.9 / Safari 5.1
45,Mozilla/5.0 (Android 4.0.2; Mobile; rv:61.0) Gecko/61.0 Firefox/61.0,"Browser(family='Firefox Mobile', version=(61, 0), version_string='61.0')",Firefox Mobile,61.0,"OperatingSystem(family='Android', version=(4, 0, 2), version_string='4.0.2')",Android,4.0.2,"Device(family='Generic Smartphone', brand='Generic', model='Smartphone')",Generic Smartphone,Generic,Smartphone,Generic Smartphone / Android 4.0.2 / Firefox Mobile 61.0
46,"Mozilla/5.0 (Linux; Android 1.6) AppleWebKit/532.1 (KHTML, like Gecko) Chrome/25.0.866.0 Safari/532.1","Browser(family='Chrome', version=(25, 0, 866), version_string='25.0.866')",Chrome,25.0.866,"OperatingSystem(family='Android', version=(1, 6), version_string='1.6')",Android,1.6,"Device(family='Generic Smartphone', brand='Generic', model='Smartphone')",Generic Smartphone,Generic,Smartphone,Generic Smartphone / Android 1.6 / Chrome 25.0.866
47,"Mozilla/5.0 (Windows NT 10.0) AppleWebKit/532.1 (KHTML, like Gecko) Chrome/28.0.890.0 Safari/532.1","Browser(family='Chrome', version=(28, 0, 890), version_string='28.0.890')",Chrome,28.0.890,"OperatingSystem(family='Windows', version=(10,), version_string='10')",Windows,10,"Device(family='Other', brand=None, model=None)",Other,,unknown,PC / Windows 10 / Chrome 28.0.890
48,Mozilla/5.0 (compatible; MSIE 8.0; Windows NT 5.0; Trident/5.1),"Browser(family='IE', version=(8, 0), version_string='8.0')",IE,8.0,"OperatingSystem(family='Windows', version=(2000,), version_string='2000')",Windows,2000,"Device(family='Other', brand=None, model=None)",Other,,unknown,PC / Windows 2000 / IE 8.0
49,"Mozilla/5.0 (Linux; Android 2.3.4) AppleWebKit/533.2 (KHTML, like Gecko) Chrome/49.0.849.0 Safari/533.2","Browser(family='Chrome', version=(49, 0, 849), version_string='49.0.849')",Chrome,49.0.849,"OperatingSystem(family='Android', version=(2, 3, 4), version_string='2.3.4')",Android,2.3.4,"Device(family='Generic Smartphone', brand='Generic', model='Smartphone')",Generic Smartphone,Generic,Smartphone,Generic Smartphone / Android 2.3.4 / Chrome 49.0.849
50,Opera/8.74.(Windows NT 6.1; uk-UA) Presto/2.9.175 Version/10.00,"Browser(family='Opera', version=(8, 74), version_string='8.74')",Opera,8.74,"OperatingSystem(family='Windows', version=(7,), version_string='7')",Windows,7,"Device(family='Other', brand=None, model=None)",Other,,unknown,PC / Windows 7 / Opera 8.74
51,"Mozilla/5.0 (iPod; U; CPU iPhone OS 4_2 like Mac OS X; sat-IN) AppleWebKit/533.7.7 (KHTML, like Gecko) Version/4.0.5 Mobile/8B117 Safari/6533.7.7","Browser(family='Mobile Safari', version=(4, 0, 5), version_string='4.0.5')",Mobile Safari,4.0.5,"OperatingSystem(family='iOS', version=(4, 2), version_string='4.2')",iOS,4.2,"Device(family='iPod', brand='Apple', model='iPod')",iPod,Apple,iPod,iPod / iOS 4.2 / Mobile Safari 4.0.5
52,Mozilla/5.0 (compatible; MSIE 5.0; Windows NT 4.0; Trident/4.1),"Browser(family='IE', version=(5, 0), version_string='5.0')",IE,5.0,"OperatingSystem(family='Windows', version=('NT',), version_string='NT')",Windows,NT,"Device(family='Other', brand=None, model=None)",Other,,unknown,PC / Windows NT / IE 5.0
53,Opera/8.31.(Windows CE; sc-IT) Presto/2.9.178 Version/12.00,"Browser(family='Opera', version=(8, 31), version_string='8.31')",Opera,8.31,"OperatingSystem(family='Windows', version=('CE',), version_string='CE')",Windows,CE,"Device(family='Generic Smartphone', brand='Generic', model='Smartphone')",Generic Smartphone,Generic,Smartphone,Generic Smartphone / Windows CE / Opera 8.31
54,Mozilla/5.0 (Windows NT 5.1; lg-UG; rv:1.9.2.20) Gecko/7946-09-26 13:31:22 Firefox/3.6.8,"Browser(family='Firefox', version=(3, 6, 8), version_string='3.6.8')",Firefox,3.6.8,"OperatingSystem(family='Windows', version=('XP',), version_string='XP')",Windows,XP,"Device(family='LG UG', brand='LG', model='UG')",LG UG,LG,UG,PC / Windows XP / Firefox 3.6.8
55,Opera/9.46.(Windows 95; sq-AL) Presto/2.9.189 Version/12.00,"Browser(family='Opera', version=(9, 46), version_string='9.46')",Opera,9.46,"OperatingSystem(family='Windows', version=(95,), version_string='95')",Windows,95,"Device(family='Other', brand=None, model=None)",Other,,unknown,Other / Windows 95 / Opera 9.46
56,Mozilla/5.0 (Windows CE; om-ET; rv:1.9.2.20) Gecko/2740-04-18 02:59:39 Firefox/3.8,"Browser(family='Firefox', version=(3, 8), version_string='3.8')",Firefox,3.8,"OperatingSystem(family='Windows', version=('CE',), version_string='CE')",Windows,CE,"Device(family='Generic Smartphone', brand='Generic', model='Smartphone')",Generic Smartphone,Generic,Smartphone,Generic Smartphone / Windows CE / Firefox 3.8
57,"Mozilla/5.0 (Macintosh; U; PPC Mac OS X 10_9_0) AppleWebKit/532.2 (KHTML, like Gecko) Chrome/57.0.847.0 Safari/532.2","Browser(family='Chrome', version=(57, 0, 847), version_string='57.0.847')",Chrome,57.0.847,"OperatingSystem(family='Mac OS X', version=(10, 9, 0), version_string='10.9.0')",Mac OS X,10.9.0,"Device(family='Mac', brand='Apple', model='Mac')",Mac,Apple,Mac,PC / Mac OS X 10.9.0 / Chrome 57.0.847
58,"Mozilla/5.0 (iPod; U; CPU iPhone OS 3_1 like Mac OS X; nn-NO) AppleWebKit/533.4.4 (KHTML, like Gecko) Version/3.0.5 Mobile/8B112 Safari/6533.4.4","Browser(family='Mobile Safari', version=(3, 0, 5), version_string='3.0.5')",Mobile Safari,3.0.5,"OperatingSystem(family='iOS', version=(3, 1), version_string='3.1')",iOS,3.1,"Device(family='iPod', brand='Apple', model='iPod')",iPod,Apple,iPod,iPod / iOS 3.1 / Mobile Safari 3.0.5
59,"Mozilla/5.0 (Macintosh; U; PPC Mac OS X 10_11_6 rv:2.0; tt-RU) AppleWebKit/531.47.7 (KHTML, like Gecko) Version/5.0.4 Safari/531.47.7","Browser(family='Safari', version=(5, 0, 4), version_string='5.0.4')",Safari,5.0.4,"OperatingSystem(family='Mac OS X', version=(10, 11, 6), version_string='10.11.6')",Mac OS X,10.11.6,"Device(family='Mac', brand='Apple', model='Mac')",Mac,Apple,Mac,PC / Mac OS X 10.11.6 / Safari 5.0.4
60,"Mozilla/5.0 (Macintosh; U; PPC Mac OS X 10_6_1 rv:6.0; tcy-IN) AppleWebKit/532.5.2 (KHTML, like Gecko) Version/5.1 Safari/532.5.2","Browser(family='Safari', version=(5, 1), version_string='5.1')",Safari,5.1,"OperatingSystem(family='Mac OS X', version=(10, 6, 1), version_string='10.6.1')",Mac OS X,10.6.1,"Device(family='Mac', brand='Apple', model='Mac')",Mac,Apple,Mac,PC / Mac OS X 10.6.1 / Safari 5.1
61,Mozilla/5.0 (compatible; MSIE 8.0; Windows NT 5.01; Trident/4.0),"Browser(family='IE', version=(8, 0), version_string='8.0')",IE,8.0,"OperatingSystem(family='Windows', version=(2000,), version_string='2000')",Windows,2000,"Device(family='Other', brand=None, model=None)",Other,,unknown,PC / Windows 2000 / IE 8.0
62,Mozilla/5.0 (compatible; MSIE 8.0; Windows NT 5.0; Trident/5.1),"Browser(family='IE', version=(8, 0), version_string='8.0')",IE,8.0,"OperatingSystem(family='Windows', version=(2000,), version_string='2000')",Windows,2000,"Device(family='Other', brand=None, model=None)",Other,,unknown,PC / Windows 2000 / IE 8.0
63,Mozilla/5.0 (compatible; MSIE 6.0; Windows NT 6.1; Trident/4.0),"Browser(family='IE', version=(8, 0), version_string='8.0')",IE,8.0,"OperatingSystem(family='Windows', version=(7,), version_string='7')",Windows,7,"Device(family='Other', brand=None, model=None)",Other,,unknown,PC / Windows 7 / IE 8.0
64,"Mozilla/5.0 (Windows NT 5.01) AppleWebKit/531.0 (KHTML, like Gecko) Chrome/35.0.885.0 Safari/531.0","Browser(family='Chrome', version=(35, 0, 885), version_string='35.0.885')",Chrome,35.0.885,"OperatingSystem(family='Windows', version=(2000,), version_string='2000')",Windows,2000,"Device(family='Other', brand=None, model=None)",Other,,unknown,PC / Windows 2000 / Chrome 35.0.885
65,"Mozilla/5.0 (Linux; Android 8.1.0) AppleWebKit/531.1 (KHTML, like Gecko) Chrome/17.0.840.0 Safari/531.1","Browser(family='Chrome', version=(17, 0, 840), version_string='17.0.840')",Chrome,17.0.840,"OperatingSystem(family='Android', version=(8, 1, 0), version_string='8.1.0')",Android,8.1.0,"Device(family='Generic Smartphone', brand='Generic', model='Smartphone')",Generic Smartphone,Generic,Smartphone,Generic Smartphone / Android 8.1.0 / Chrome 17.0.840
66,"Mozilla/5.0 (Linux; Android 4.2.2) AppleWebKit/533.0 (KHTML, like Gecko) Chrome/47.0.802.0 Safari/533.0","Browser(family='Chrome', version=(47, 0, 802), version_string='47.0.802')",Chrome,47.0.802,"OperatingSystem(family='Android', version=(4, 2, 2), version_string='4.2.2')",Android,4.2.2,"Device(family='Generic Smartphone', brand='Generic', model='Smartphone')",Generic Smartphone,Generic,Smartphone,Generic Smartphone / Android 4.2.2 / Chrome 47.0.802
67,"Mozilla/5.0 (iPod; U; CPU iPhone OS 3_2 like Mac OS X; lg-UG) AppleWebKit/532.20.2 (KHTML, like Gecko) Version/3.0.5 Mobile/8B119 Safari/6532.20.2","Browser(family='Mobile Safari', version=(3, 0, 5), version_string='3.0.5')",Mobile Safari,3.0.5,"OperatingSystem(family='iOS', version=(3, 2), version_string='3.2')",iOS,3.2,"Device(family='iPod', brand='Apple', model='iPod')",iPod,Apple,iPod,iPod / iOS 3.2 / Mobile Safari 3.0.5
68,Mozilla/5.0 (Android 1.6; Mobile; rv:25.0) Gecko/25.0 Firefox/25.0,"Browser(family='Firefox Mobile', version=(25, 0), version_string='25.0')",Firefox Mobile,25.0,"OperatingSystem(family='Android', version=(1, 6), version_string='1.6')",Android,1.6,"Device(family='Generic Smartphone', brand='Generic', model='Smartphone')",Generic Smartphone,Generic,Smartphone,Generic Smartphone / Android 1.6 / Firefox Mobile 25.0
69,"Mozilla/5.0 (Linux; Android 3.2.6) AppleWebKit/534.2 (KHTML, like Gecko) Chrome/21.0.833.0 Safari/534.2","Browser(family='Chrome', version=(21, 0, 833), version_string='21.0.833')",Chrome,21.0.833,"OperatingSystem(family='Android', version=(3, 2, 6), version_string='3.2.6')",Android,3.2.6,"Device(family='Generic Tablet', brand='Generic', model='Tablet')",Generic Tablet,Generic,Tablet,Generic Tablet / Android 3.2.6 / Chrome 21.0.833
70,"Mozilla/5.0 (iPad; CPU iPad OS 5_1_1 like Mac OS X) AppleWebKit/535.2 (KHTML, like Gecko) CriOS/25.0.877.0 Mobile/35M841 Safari/535.2","Browser(family='Chrome Mobile iOS', version=(25, 0, 877), version_string='25.0.877')",Chrome Mobile iOS,25.0.877,"OperatingSystem(family='iOS', version=(5, 1, 1), version_string='5.1.1')",iOS,5.1.1,"Device(family='iPad', brand='Apple', model='iPad')",iPad,Apple,iPad,iPad / iOS 5.1.1 / Chrome Mobile iOS 25.0.877
71,"Mozilla/5.0 (Linux; Android 10) AppleWebKit/535.1 (KHTML, like Gecko) Chrome/57.0.814.0 Safari/535.1","Browser(family='Chrome', version=(57, 0, 814), version_string='57.0.814')",Chrome,57.0.814,"OperatingSystem(family='Android', version=(10,), version_string='10')",Android,10,"Device(family='Generic Smartphone', brand='Generic', model='Smartphone')",Generic Smartphone,Generic,Smartphone,Generic Smartphone / Android 10 / Chrome 57.0.814
72,Mozilla/5.0 (Android 2.3.3; Mobile; rv:43.0) Gecko/43.0 Firefox/43.0,"Browser(family='Firefox Mobile', version=(43, 0), version_string='43.0')",Firefox Mobile,43.0,"OperatingSystem(family='Android', version=(2, 3, 3), version_string='2.3.3')",Android,2.3.3,"Device(family='Generic Smartphone', brand='Generic', model='Smartphone')",Generic Smartphone,Generic,Smartphone,Generic Smartphone / Android 2.3.3 / Firefox Mobile 43.0
73,"Mozilla/5.0 (iPod; U; CPU iPhone OS 3_3 like Mac OS X; th-TH) AppleWebKit/532.15.2 (KHTML, like Gecko) Version/4.0.5 Mobile/8B112 Safari/6532.15.2","Browser(family='Mobile Safari', version=(4, 0, 5), version_string='4.0.5')",Mobile Safari,4.0.5,"OperatingSystem(family='iOS', version=(3, 3), version_string='3.3')",iOS,3.3,"Device(family='iPod', brand='Apple', model='iPod')",iPod,Apple,iPod,iPod / iOS 3.3 / Mobile Safari 4.0.5
74,"Mozilla/5.0 (iPad; CPU iPad OS 10_3_3 like Mac OS X) AppleWebKit/531.2 (KHTML, like Gecko) CriOS/49.0.807.0 Mobile/83F982 Safari/531.2","Browser(family='Chrome Mobile iOS', version=(49, 0, 807), version_string='49.0.807')",Chrome Mobile iOS,49.0.807,"OperatingSystem(family='iOS', version=(10, 3, 3), version_string='10.3.3')",iOS,10.3.3,"Device(family='iPad', brand='Apple', model='iPad')",iPad,Apple,iPad,iPad / iOS 10.3.3 / Chrome Mobile iOS 49.0.807
75,"Mozilla/5.0 (Linux; Android 11) AppleWebKit/535.2 (KHTML, like Gecko) Chrome/13.0.827.0 Safari/535.2","Browser(family='Chrome', version=(13, 0, 827), version_string='13.0.827')",Chrome,13.0.827,"OperatingSystem(family='Android', version=(11,), version_string='11')",Android,11,"Device(family='Generic Smartphone', brand='Generic', model='Smartphone')",Generic Smartphone,Generic,Smartphone,Generic Smartphone / Android 11 / Chrome 13.0.827
76,Mozilla/5.0 (Android 4.0.1; Mobile; rv:52.0) Gecko/52.0 Firefox/52.0,"Browser(family='Firefox Mobile', version=(52, 0), version_string='52.0')",Firefox Mobile,52.0,"OperatingSystem(family='Android', version=(4, 0, 1), version_string='4.0.1')",Android,4.0.1,"Device(family='Generic Smartphone', brand='Generic', model='Smartphone')",Generic Smartphone,Generic,Smartphone,Generic Smartphone / Android 4.0.1 / Firefox Mobile 52.0
77,"Mozilla/5.0 (iPad; CPU iPad OS 12_4_8 like Mac OS X) AppleWebKit/535.1 (KHTML, like Gecko) FxiOS/10.7v9334.0 Mobile/54M615 Safari/535.1","Browser(family='Firefox iOS', version=(10, 7), version_string='10.7')",Firefox iOS,10.7,"OperatingSystem(family='iOS', version=(12, 4, 8), version_string='12.4.8')",iOS,12.4.8,"Device(family='iPad', brand='Apple', model='iPad')",iPad,Apple,iPad,iPad / iOS 12.4.8 / Firefox iOS 10.7
78,"Mozilla/5.0 (iPad; CPU iPad OS 14_2_1 like Mac OS X) AppleWebKit/532.2 (KHTML, like Gecko) FxiOS/16.2t4065.0 Mobile/79D937 Safari/532.2","Browser(family='Firefox iOS', version=(16, 2), version_string='16.2')",Firefox iOS,16.2,"OperatingSystem(family='iOS', version=(14, 2, 1), version_string='14.2.1')",iOS,14.2.1,"Device(family='iPad', brand='Apple', model='iPad')",iPad,Apple,iPad,iPad / iOS 14.2.1 / Firefox iOS 16.2
79,Mozilla/5.0 (Android 4.2.2; Mobile; rv:66.0) Gecko/66.0 Firefox/66.0,"Browser(family='Firefox Mobile', version=(66, 0), version_string='66.0')",Firefox Mobile,66.0,"OperatingSystem(family='Android', version=(4, 2, 2), version_string='4.2.2')",Android,4.2.2,"Device(family='Generic Smartphone', brand='Generic', model='Smartphone')",Generic Smartphone,Generic,Smartphone,Generic Smartphone / Android 4.2.2 / Firefox Mobile 66.0
80,"Mozilla/5.0 (iPad; CPU iPad OS 9_3_6 like Mac OS X) AppleWebKit/533.1 (KHTML, like Gecko) FxiOS/9.0v1051.0 Mobile/17J751 Safari/533.1","Browser(family='Firefox iOS', version=(9, 0), version_string='9.0')",Firefox iOS,9.0,"OperatingSystem(family='iOS', version=(9, 3, 6), version_string='9.3.6')",iOS,9.3.6,"Device(family='iPad', brand='Apple', model='iPad')",iPad,Apple,iPad,iPad / iOS 9.3.6 / Firefox iOS 9.0
81,Mozilla/5.0 (Android 4.1.1; Mobile; rv:10.0) Gecko/10.0 Firefox/10.0,"Browser(family='Firefox Mobile', version=(10, 0), version_string='10.0')",Firefox Mobile,10.0,"OperatingSystem(family='Android', version=(4, 1, 1), version_string='4.1.1')",Android,4.1.1,"Device(family='Generic Smartphone', brand='Generic', model='Smartphone')",Generic Smartphone,Generic,Smartphone,Generic Smartphone / Android 4.1.1 / Firefox Mobile 10.0
82,"Mozilla/5.0 (Linux; Android 9) AppleWebKit/533.1 (KHTML, like Gecko) Chrome/16.0.850.0 Safari/533.1","Browser(family='Chrome', version=(16, 0, 850), version_string='16.0.850')",Chrome,16.0.850,"OperatingSystem(family='Android', version=(9,), version_string='9')",Android,9,"Device(family='Generic Smartphone', brand='Generic', model='Smartphone')",Generic Smartphone,Generic,Smartphone,Generic Smartphone / Android 9 / Chrome 16.0.850
83,"Mozilla/5.0 (iPod; U; CPU iPhone OS 4_0 like Mac OS X; si-LK) AppleWebKit/532.30.3 (KHTML, like Gecko) Version/4.0.5 Mobile/8B111 Safari/6532.30.3","Browser(family='Mobile Safari', version=(4, 0, 5), version_string='4.0.5')",Mobile Safari,4.0.5,"OperatingSystem(family='iOS', version=(4, 0), version_string='4.0')",iOS,4.0,"Device(family='iPod', brand='Apple', model='iPod')",iPod,Apple,iPod,iPod / iOS 4.0 / Mobile Safari 4.0.5
84,"Mozilla/5.0 (iPhone; CPU iPhone OS 10_3_3 like Mac OS X) AppleWebKit/531.0 (KHTML, like Gecko) CriOS/16.0.821.0 Mobile/32V365 Safari/531.0","Browser(family='Chrome Mobile iOS', version=(16, 0, 821), version_string='16.0.821')",Chrome Mobile iOS,16.0.821,"OperatingSystem(family='iOS', version=(10, 3, 3), version_string='10.3.3')",iOS,10.3.3,"Device(family='iPhone', brand='Apple', model='iPhone')",iPhone,Apple,iPhone,iPhone / iOS 10.3.3 / Chrome Mobile iOS 16.0.821
85,"Mozilla/5.0 (iPad; CPU iPad OS 5_1_1 like Mac OS X) AppleWebKit/531.1 (KHTML, like Gecko) FxiOS/10.5z8617.0 Mobile/76M267 Safari/531.1","Browser(family='Firefox iOS', version=(10, 5), version_string='10.5')",Firefox iOS,10.5,"OperatingSystem(family='iOS', version=(5, 1, 1), version_string='5.1.1')",iOS,5.1.1,"Device(family='iPad', brand='Apple', model='iPad')",iPad,Apple,iPad,iPad / iOS 5.1.1 / Firefox iOS 10.5
86,"Mozilla/5.0 (iPod; U; CPU iPhone OS 4_0 like Mac OS X; ayc-PE) AppleWebKit/533.27.3 (KHTML, like Gecko) Version/4.0.5 Mobile/8B116 Safari/6533.27.3","Browser(family='Mobile Safari', version=(4, 0, 5), version_string='4.0.5')",Mobile Safari,4.0.5,"OperatingSystem(family='iOS', version=(4, 0), version_string='4.0')",iOS,4.0,"Device(family='iPod', brand='Apple', model='iPod')",iPod,Apple,iPod,iPod / iOS 4.0 / Mobile Safari 4.0.5
87,"Mozilla/5.0 (iPod; U; CPU iPhone OS 4_0 like Mac OS X; mag-IN) AppleWebKit/533.46.6 (KHTML, like Gecko) Version/3.0.5 Mobile/8B119 Safari/6533.46.6","Browser(family='Mobile Safari', version=(3, 0, 5), version_string='3.0.5')",Mobile Safari,3.0.5,"OperatingSystem(family='iOS', version=(4, 0), version_string='4.0')",iOS,4.0,"Device(family='iPod', brand='Apple', model='iPod')",iPod,Apple,iPod,iPod / iOS 4.0 / Mobile Safari 3.0.5
88,Mozilla/5.0 (Android 4.4.3; Mobile; rv:17.0) Gecko/17.0 Firefox/17.0,"Browser(family='Firefox Mobile', version=(17, 0), version_string='17.0')",Firefox Mobile,17.0,"OperatingSystem(family='Android', version=(4, 4, 3), version_string='4.4.3')",Android,4.4.3,"Device(family='Generic Smartphone', brand='Generic', model='Smartphone')",Generic Smartphone,Generic,Smartphone,Generic Smartphone / Android 4.4.3 / Firefox Mobile 17.0
89,"Mozilla/5.0 (iPad; CPU iPad OS 10_3_4 like Mac OS X) AppleWebKit/534.2 (KHTML, like Gecko) CriOS/62.0.879.0 Mobile/01R660 Safari/534.2","Browser(family='Chrome Mobile iOS', version=(62, 0, 879), version_string='62.0.879')",Chrome Mobile iOS,62.0.879,"OperatingSystem(family='iOS', version=(10, 3, 4), version_string='10.3.4')",iOS,10.3.4,"Device(family='iPad', brand='Apple', model='iPad')",iPad,Apple,iPad,iPad / iOS 10.3.4 / Chrome Mobile iOS 62.0.879
90,"Mozilla/5.0 (iPhone; CPU iPhone OS 10_3_3 like Mac OS X) AppleWebKit/531.0 (KHTML, like Gecko) CriOS/42.0.884.0 Mobile/72T614 Safari/531.0","Browser(family='Chrome Mobile iOS', version=(42, 0, 884), version_string='42.0.884')",Chrome Mobile iOS,42.0.884,"OperatingSystem(family='iOS', version=(10, 3, 3), version_string='10.3.3')",iOS,10.3.3,"Device(family='iPhone', brand='Apple', model='iPhone')",iPhone,Apple,iPhone,iPhone / iOS 10.3.3 / Chrome Mobile iOS 42.0.884
91,"Mozilla/5.0 (iPod; U; CPU iPhone OS 4_2 like Mac OS X; nb-NO) AppleWebKit/532.32.1 (KHTML, like Gecko) Version/4.0.5 Mobile/8B117 Safari/6532.32.1","Browser(family='Mobile Safari', version=(4, 0, 5), version_string='4.0.5')",Mobile Safari,4.0.5,"OperatingSystem(family='iOS', version=(4, 2), version_string='4.2')",iOS,4.2,"Device(family='iPod', brand='Apple', model='iPod')",iPod,Apple,iPod,iPod / iOS 4.2 / Mobile Safari 4.0.5
92,"Mozilla/5.0 (iPad; CPU iPad OS 9_3_6 like Mac OS X) AppleWebKit/532.1 (KHTML, like Gecko) FxiOS/9.8w3339.0 Mobile/98W485 Safari/532.1","Browser(family='Firefox iOS', version=(9, 8), version_string='9.8')",Firefox iOS,9.8,"OperatingSystem(family='iOS', version=(9, 3, 6), version_string='9.3.6')",iOS,9.3.6,"Device(family='iPad', brand='Apple', model='iPad')",iPad,Apple,iPad,iPad / iOS 9.3.6 / Firefox iOS 9.8
93,"Mozilla/5.0 (Linux; Android 6.0.1) AppleWebKit/531.1 (KHTML, like Gecko) Chrome/41.0.813.0 Safari/531.1","Browser(family='Chrome', version=(41, 0, 813), version_string='41.0.813')",Chrome,41.0.813,"OperatingSystem(family='Android', version=(6, 0, 1), version_string='6.0.1')",Android,6.0.1,"Device(family='Generic Smartphone', brand='Generic', model='Smartphone')",Generic Smartphone,Generic,Smartphone,Generic Smartphone / Android 6.0.1 / Chrome 41.0.813
94,"Mozilla/5.0 (iPod; U; CPU iPhone OS 4_0 like Mac OS X; vi-VN) AppleWebKit/535.31.5 (KHTML, like Gecko) Version/4.0.5 Mobile/8B115 Safari/6535.31.5","Browser(family='Mobile Safari', version=(4, 0, 5), version_string='4.0.5')",Mobile Safari,4.0.5,"OperatingSystem(family='iOS', version=(4, 0), version_string='4.0')",iOS,4.0,"Device(family='iPod', brand='Apple', model='iPod')",iPod,Apple,iPod,iPod / iOS 4.0 / Mobile Safari 4.0.5
95,"Mozilla/5.0 (iPad; CPU iPad OS 5_1_1 like Mac OS X) AppleWebKit/536.0 (KHTML, like Gecko) CriOS/42.0.864.0 Mobile/08M099 Safari/536.0","Browser(family='Chrome Mobile iOS', version=(42, 0, 864), version_string='42.0.864')",Chrome Mobile iOS,42.0.864,"OperatingSystem(family='iOS', version=(5, 1, 1), version_string='5.1.1')",iOS,5.1.1,"Device(family='iPad', brand='Apple', model='iPad')",iPad,Apple,iPad,iPad / iOS 5.1.1 / Chrome Mobile iOS 42.0.864
96,"Mozilla/5.0 (iPhone; CPU iPhone OS 14_2 like Mac OS X) AppleWebKit/531.0 (KHTML, like Gecko) CriOS/54.0.855.0 Mobile/88D629 Safari/531.0","Browser(family='Chrome Mobile iOS', version=(54, 0, 855), version_string='54.0.855')",Chrome Mobile iOS,54.0.855,"OperatingSystem(family='iOS', version=(14, 2), version_string='14.2')",iOS,14.2,"Device(family='iPhone', brand='Apple', model='iPhone')",iPhone,Apple,iPhone,iPhone / iOS 14.2 / Chrome Mobile iOS 54.0.855
97,"Mozilla/5.0 (iPod; U; CPU iPhone OS 3_0 like Mac OS X; he-IL) AppleWebKit/535.7.4 (KHTML, like Gecko) Version/3.0.5 Mobile/8B117 Safari/6535.7.4","Browser(family='Mobile Safari', version=(3, 0, 5), version_string='3.0.5')",Mobile Safari,3.0.5,"OperatingSystem(family='iOS', version=(3, 0), version_string='3.0')",iOS,3.0,"Device(family='iPod', brand='Apple', model='iPod')",iPod,Apple,iPod,iPod / iOS 3.0 / Mobile Safari 3.0.5
98,"Mozilla/5.0 (iPhone; CPU iPhone OS 4_2_1 like Mac OS X) AppleWebKit/536.2 (KHTML, like Gecko) FxiOS/12.9r4636.0 Mobile/44L869 Safari/536.2","Browser(family='Firefox iOS', version=(12, 9), version_string='12.9')",Firefox iOS,12.9,"OperatingSystem(family='iOS', version=(4, 2, 1), version_string='4.2.1')",iOS,4.2.1,"Device(family='iPhone', brand='Apple', model='iPhone')",iPhone,Apple,iPhone,iPhone / iOS 4.2.1 / Firefox iOS 12.9
99,Mozilla/5.0 (Android 2.0.1; Mobile; rv:40.0) Gecko/40.0 Firefox/40.0,"Browser(family='Firefox Mobile', version=(40, 0), version_string='40.0')",Firefox Mobile,40.0,"OperatingSystem(family='Android', version=(2, 0, 1), version_string='2.0.1')",Android,2.0.1,"Device(family='Generic Smartphone', brand='Generic', model='Smartphone')",Generic Smartphone,Generic,Smartphone,Generic Smartphone / Android 2.0.1 / Firefox Mobile 40.0
100,"Mozilla/5.0 (Linux; Android 2.3.3) AppleWebKit/531.2 (KHTML, like Gecko) Chrome/61.0.873.0 Safari/531.2","Browser(family='Chrome', version=(61, 0, 873), version_string='61.0.873')",Chrome,61.0.873,"OperatingSystem(family='Android', version=(2, 3, 3), version_string='2.3.3')",Android,2.3.3,"Device(family='Generic Smartphone', brand='Generic', model='Smartphone')",Generic Smartphone,Generic,Smartphone,Generic Smartphone / Android 2.3.3 / Chrome 61.0.873
101,"Mozilla/5.0 (iPod; U; CPU iPhone OS 4_2 like Mac OS X; fo-FO) AppleWebKit/533.16.3 (KHTML, like Gecko) Version/4.0.5 Mobile/8B113 Safari/6533.16.3","Browser(family='Mobile Safari', version=(4, 0, 5), version_string='4.0.5')",Mobile Safari,4.0.5,"OperatingSystem(family='iOS', version=(4, 2), version_string='4.2')",iOS,4.2,"Device(family='iPod', brand='Apple', model='iPod')",iPod,Apple,iPod,iPod / iOS 4.2 / Mobile Safari 4.0.5
102,Mozilla/5.0 (Android 2.3.2; Mobile; rv:37.0) Gecko/37.0 Firefox/37.0,"Browser(family='Firefox Mobile', version=(37, 0), version_string='37.0')",Firefox Mobile,37.0,"OperatingSystem(family='Android', version=(2, 3, 2), version_string='2.3.2')",Android,2.3.2,"Device(family='Generic Smartphone', brand='Generic', model='Smartphone')",Generic Smartphone,Generic,Smartphone,Generic Smartphone / Android 2.3.2 / Firefox Mobile 37.0
103,"Mozilla/5.0 (iPod; U; CPU iPhone OS 4_3 like Mac OS X; lij-IT) AppleWebKit/532.37.5 (KHTML, like Gecko) Version/3.0.5 Mobile/8B113 Safari/6532.37.5","Browser(family='Mobile Safari', version=(3, 0, 5), version_string='3.0.5')",Mobile Safari,3.0.5,"OperatingSystem(family='iOS', version=(4, 3), version_string='4.3')",iOS,4.3,"Device(family='iPod', brand='Apple', model='iPod')",iPod,Apple,iPod,iPod / iOS 4.3 / Mobile Safari 3.0.5
104,Mozilla/5.0 (Android 4.3.1; Mobile; rv:63.0) Gecko/63.0 Firefox/63.0,"Browser(family='Firefox Mobile', version=(63, 0), version_string='63.0')",Firefox Mobile,63.0,"OperatingSystem(family='Android', version=(4, 3, 1), version_string='4.3.1')",Android,4.3.1,"Device(family='Generic Smartphone', brand='Generic', model='Smartphone')",Generic Smartphone,Generic,Smartphone,Generic Smartphone / Android 4.3.1 / Firefox Mobile 63.0
105,Mozilla/5.0 (Android 4.1.1; Mobile; rv:65.0) Gecko/65.0 Firefox/65.0,"Browser(family='Firefox Mobile', version=(65, 0), version_string='65.0')",Firefox Mobile,65.0,"OperatingSystem(family='Android', version=(4, 1, 1), version_string='4.1.1')",Android,4.1.1,"Device(family='Generic Smartphone', brand='Generic', model='Smartphone')",Generic Smartphone,Generic,Smartphone,Generic Smartphone / Android 4.1.1 / Firefox Mobile 65.0
106,"Mozilla/5.0 (Linux; Android 4.4.4) AppleWebKit/532.0 (KHTML, like Gecko) Chrome/17.0.801.0 Safari/532.0","Browser(family='Chrome', version=(17, 0, 801), version_string='17.0.801')",Chrome,17.0.801,"OperatingSystem(family='Android', version=(4, 4, 4), version_string='4.4.4')",Android,4.4.4,"Device(family='Generic Smartphone', brand='Generic', model='Smartphone')",Generic Smartphone,Generic,Smartphone,Generic Smartphone / Android 4.4.4 / Chrome 17.0.801
107,"Mozilla/5.0 (iPhone; CPU iPhone OS 12_4_8 like Mac OS X) AppleWebKit/533.2 (KHTML, like Gecko) CriOS/53.0.822.0 Mobile/65Q094 Safari/533.2","Browser(family='Chrome Mobile iOS', version=(53, 0, 822), version_string='53.0.822')",Chrome Mobile iOS,53.0.822,"OperatingSystem(family='iOS', version=(12, 4, 8), version_string='12.4.8')",iOS,12.4.8,"Device(family='iPhone', brand='Apple', model='iPhone')",iPhone,Apple,iPhone,iPhone / iOS 12.4.8 / Chrome Mobile iOS 53.0.822
108,"Mozilla/5.0 (iPad; CPU iPad OS 7_1_2 like Mac OS X) AppleWebKit/536.2 (KHTML, like Gecko) CriOS/18.0.851.0 Mobile/67C998 Safari/536.2","Browser(family='Chrome Mobile iOS', version=(18, 0, 851), version_string='18.0.851')",Chrome Mobile iOS,18.0.851,"OperatingSystem(family='iOS', version=(7, 1, 2), version_string='7.1.2')",iOS,7.1.2,"Device(family='iPad', brand='Apple', model='iPad')",iPad,Apple,iPad,iPad / iOS 7.1.2 / Chrome Mobile iOS 18.0.851
109,Mozilla/5.0 (Android 4.1; Mobile; rv:11.0) Gecko/11.0 Firefox/11.0,"Browser(family='Firefox Mobile', version=(11, 0), version_string='11.0')",Firefox Mobile,11.0,"OperatingSystem(family='Android', version=(4, 1), version_string='4.1')",Android,4.1,"Device(family='Generic Smartphone', brand='Generic', model='Smartphone')",Generic Smartphone,Generic,Smartphone,Generic Smartphone / Android 4.1 / Firefox Mobile 11.0
110,"Mozilla/5.0 (Linux; Android 6.0.1) AppleWebKit/534.0 (KHTML, like Gecko) Chrome/17.0.897.0 Safari/534.0","Browser(family='Chrome', version=(17, 0, 897), version_string='17.0.897')",Chrome,17.0.897,"OperatingSystem(family='Android', version=(6, 0, 1), version_string='6.0.1')",Android,6.0.1,"Device(family='Generic Smartphone', brand='Generic', model='Smartphone')",Generic Smartphone,Generic,Smartphone,Generic Smartphone / Android 6.0.1 / Chrome 17.0.897
111,Mozilla/5.0 (Android 6.0.1; Mobile; rv:64.0) Gecko/64.0 Firefox/64.0,"Browser(family='Firefox Mobile', version=(64, 0), version_string='64.0')",Firefox Mobile,64.0,"OperatingSystem(family='Android', version=(6, 0, 1), version_string='6.0.1')",Android,6.0.1,"Device(family='Generic Smartphone', brand='Generic', model='Smartphone')",Generic Smartphone,Generic,Smartphone,Generic Smartphone / Android 6.0.1 / Firefox Mobile 64.0
112,"Mozilla/5.0 (iPad; CPU iPad OS 6_1_6 like Mac OS X) AppleWebKit/531.2 (KHTML, like Gecko) CriOS/24.0.854.0 Mobile/02C762 Safari/531.2","Browser(family='Chrome Mobile iOS', version=(24, 0, 854), version_string='24.0.854')",Chrome Mobile iOS,24.0.854,"OperatingSystem(family='iOS', version=(6, 1, 6), version_string='6.1.6')",iOS,6.1.6,"Device(family='iPad', brand='Apple', model='iPad')",iPad,Apple,iPad,iPad / iOS 6.1.6 / Chrome Mobile iOS 24.0.854
113,"Mozilla/5.0 (iPad; CPU iPad OS 10_3_3 like Mac OS X) AppleWebKit/535.1 (KHTML, like Gecko) CriOS/46.0.810.0 Mobile/38S468 Safari/535.1","Browser(family='Chrome Mobile iOS', version=(46, 0, 810), version_string='46.0.810')",Chrome Mobile iOS,46.0.810,"OperatingSystem(family='iOS', version=(10, 3, 3), version_string='10.3.3')",iOS,10.3.3,"Device(family='iPad', brand='Apple', model='iPad')",iPad,Apple,iPad,iPad / iOS 10.3.3 / Chrome Mobile iOS 46.0.810
114,"Mozilla/5.0 (iPod; U; CPU iPhone OS 4_2 like Mac OS X; hu-HU) AppleWebKit/531.18.3 (KHTML, like Gecko) Version/3.0.5 Mobile/8B115 Safari/6531.18.3","Browser(family='Mobile Safari', version=(3, 0, 5), version_string='3.0.5')",Mobile Safari,3.0.5,"OperatingSystem(family='iOS', version=(4, 2), version_string='4.2')",iOS,4.2,"Device(family='iPod', brand='Apple', model='iPod')",iPod,Apple,iPod,iPod / iOS 4.2 / Mobile Safari 3.0.5
115,"Mozilla/5.0 (iPad; CPU iPad OS 7_1_2 like Mac OS X) AppleWebKit/532.2 (KHTML, like Gecko) FxiOS/11.7b2395.0 Mobile/27V663 Safari/532.2","Browser(family='Firefox iOS', version=(11, 7), version_string='11.7')",Firefox iOS,11.7,"OperatingSystem(family='iOS', version=(7, 1, 2), version_string='7.1.2')",iOS,7.1.2,"Device(family='iPad', brand='Apple', model='iPad')",iPad,Apple,iPad,iPad / iOS 7.1.2 / Firefox iOS 11.7
116,Mozilla/5.0 (Android 8.0.0; Mobile; rv:19.0) Gecko/19.0 Firefox/19.0,"Browser(family='Firefox Mobile', version=(19, 0), version_string='19.0')",Firefox Mobile,19.0,"OperatingSystem(family='Android', version=(8, 0, 0), version_string='8.0.0')",Android,8.0.0,"Device(family='Generic Smartphone', brand='Generic', model='Smartphone')",Generic Smartphone,Generic,Smartphone,Generic Smartphone / Android 8.0.0 / Firefox Mobile 19.0
117,"Mozilla/5.0 (Linux; Android 4.0) AppleWebKit/536.1 (KHTML, like Gecko) Chrome/17.0.862.0 Safari/536.1","Browser(family='Chrome', version=(17, 0, 862), version_string='17.0.862')",Chrome,17.0.862,"OperatingSystem(family='Android', version=(4, 0), version_string='4.0')",Android,4.0,"Device(family='Generic Smartphone', brand='Generic', model='Smartphone')",Generic Smartphone,Generic,Smartphone,Generic Smartphone / Android 4.0 / Chrome 17.0.862
118,"Mozilla/5.0 (iPod; U; CPU iPhone OS 3_1 like Mac OS X; bg-BG) AppleWebKit/535.23.3 (KHTML, like Gecko) Version/3.0.5 Mobile/8B117 Safari/6535.23.3","Browser(family='Mobile Safari', version=(3, 0, 5), version_string='3.0.5')",Mobile Safari,3.0.5,"OperatingSystem(family='iOS', version=(3, 1), version_string='3.1')",iOS,3.1,"Device(family='iPod', brand='Apple', model='iPod')",iPod,Apple,iPod,iPod / iOS 3.1 / Mobile Safari 3.0.5
119,"Mozilla/5.0 (Linux; Android 8.0.0) AppleWebKit/532.2 (KHTML, like Gecko) Chrome/27.0.809.0 Safari/532.2","Browser(family='Chrome', version=(27, 0, 809), version_string='27.0.809')",Chrome,27.0.809,"OperatingSystem(family='Android', version=(8, 0, 0), version_string='8.0.0')",Android,8.0.0,"Device(family='Generic Smartphone', brand='Generic', model='Smartphone')",Generic Smartphone,Generic,Smartphone,Generic Smartphone / Android 8.0.0 / Chrome 27.0.809
120,Mozilla/5.0 (Android 1.5; Mobile; rv:45.0) Gecko/45.0 Firefox/45.0,"Browser(family='Firefox Mobile', version=(45, 0), version_string='45.0')",Firefox Mobile,45.0,"OperatingSystem(family='Android', version=(1, 5), version_string='1.5')",Android,1.5,"Device(family='Generic Smartphone', brand='Generic', model='Smartphone')",Generic Smartphone,Generic,Smartphone,Generic Smartphone / Android 1.5 / Firefox Mobile 45.0
121,"Mozilla/5.0 (iPod; U; CPU iPhone OS 4_2 like Mac OS X; pt-BR) AppleWebKit/532.35.3 (KHTML, like Gecko) Version/4.0.5 Mobile/8B115 Safari/6532.35.3","Browser(family='Mobile Safari', version=(4, 0, 5), version_string='4.0.5')",Mobile Safari,4.0.5,"OperatingSystem(family='iOS', version=(4, 2), version_string='4.2')",iOS,4.2,"Device(family='iPod', brand='Apple', model='iPod')",iPod,Apple,iPod,iPod / iOS 4.2 / Mobile Safari 4.0.5
122,"Mozilla/5.0 (iPod; U; CPU iPhone OS 4_2 like Mac OS X; el-CY) AppleWebKit/535.33.1 (KHTML, like Gecko) Version/4.0.5 Mobile/8B118 Safari/6535.33.1","Browser(family='Mobile Safari', version=(4, 0, 5), version_string='4.0.5')",Mobile Safari,4.0.5,"OperatingSystem(family='iOS', version=(4, 2), version_string='4.2')",iOS,4.2,"Device(family='iPod', brand='Apple', model='iPod')",iPod,Apple,iPod,iPod / iOS 4.2 / Mobile Safari 4.0.5
123,"Mozilla/5.0 (iPhone; CPU iPhone OS 9_3_5 like Mac OS X) AppleWebKit/536.2 (KHTML, like Gecko) CriOS/45.0.893.0 Mobile/46A273 Safari/536.2","Browser(family='Chrome Mobile iOS', version=(45, 0, 893), version_string='45.0.893')",Chrome Mobile iOS,45.0.893,"OperatingSystem(family='iOS', version=(9, 3, 5), version_string='9.3.5')",iOS,9.3.5,"Device(family='iPhone', brand='Apple', model='iPhone')",iPhone,Apple,iPhone,iPhone / iOS 9.3.5 / Chrome Mobile iOS 45.0.893
124,"Mozilla/5.0 (iPad; CPU iPad OS 9_3_5 like Mac OS X) AppleWebKit/534.1 (KHTML, like Gecko) FxiOS/11.0c7140.0 Mobile/03S108 Safari/534.1","Browser(family='Firefox iOS', version=(11, 0), version_string='11.0')",Firefox iOS,11.0,"OperatingSystem(family='iOS', version=(9, 3, 5), version_string='9.3.5')",iOS,9.3.5,"Device(family='iPad', brand='Apple', model='iPad')",iPad,Apple,iPad,iPad / iOS 9.3.5 / Firefox iOS 11.0
125,"Mozilla/5.0 (iPod; U; CPU iPhone OS 3_0 like Mac OS X; sc-IT) AppleWebKit/532.33.5 (KHTML, like Gecko) Version/3.0.5 Mobile/8B119 Safari/6532.33.5","Browser(family='Mobile Safari', version=(3, 0, 5), version_string='3.0.5')",Mobile Safari,3.0.5,"OperatingSystem(family='iOS', version=(3, 0), version_string='3.0')",iOS,3.0,"Device(family='iPod', brand='Apple', model='iPod')",iPod,Apple,iPod,iPod / iOS 3.0 / Mobile Safari 3.0.5
126,"Mozilla/5.0 (Linux; Android 4.3) AppleWebKit/533.1 (KHTML, like Gecko) Chrome/19.0.897.0 Safari/533.1","Browser(family='Chrome', version=(19, 0, 897), version_string='19.0.897')",Chrome,19.0.897,"OperatingSystem(family='Android', version=(4, 3), version_string='4.3')",Android,4.3,"Device(family='Generic Smartphone', brand='Generic', model='Smartphone')",Generic Smartphone,Generic,Smartphone,Generic Smartphone / Android 4.3 / Chrome 19.0.897
127,"Mozilla/5.0 (iPad; CPU iPad OS 10_3_3 like Mac OS X) AppleWebKit/531.0 (KHTML, like Gecko) CriOS/50.0.848.0 Mobile/84E276 Safari/531.0","Browser(family='Chrome Mobile iOS', version=(50, 0, 848), version_string='50.0.848')",Chrome Mobile iOS,50.0.848,"OperatingSystem(family='iOS', version=(10, 3, 3), version_string='10.3.3')",iOS,10.3.3,"Device(family='iPad', brand='Apple', model='iPad')",iPad,Apple,iPad,iPad / iOS 10.3.3 / Chrome Mobile iOS 50.0.848
128,"Mozilla/5.0 (iPod; U; CPU iPhone OS 4_3 like Mac OS X; ga-IE) AppleWebKit/535.50.4 (KHTML, like Gecko) Version/4.0.5 Mobile/8B112 Safari/6535.50.4","Browser(family='Mobile Safari', version=(4, 0, 5), version_string='4.0.5')",Mobile Safari,4.0.5,"OperatingSystem(family='iOS', version=(4, 3), version_string='4.3')",iOS,4.3,"Device(family='iPod', brand='Apple', model='iPod')",iPod,Apple,iPod,iPod / iOS 4.3 / Mobile Safari 4.0.5
129,Mozilla/5.0 (Android 4.4.3; Mobile; rv:19.0) Gecko/19.0 Firefox/19.0,"Browser(family='Firefox Mobile', version=(19, 0), version_string='19.0')",Firefox Mobile,19.0,"OperatingSystem(family='Android', version=(4, 4, 3), version_string='4.4.3')",Android,4.4.3,"Device(family='Generic Smartphone', brand='Generic', model='Smartphone')",Generic Smartphone,Generic,Smartphone,Generic Smartphone / Android 4.4.3 / Firefox Mobile 19.0
130,Mozilla/5.0 (Android 3.1; Mobile; rv:57.0) Gecko/57.0 Firefox/57.0,"Browser(family='Firefox Mobile', version=(57, 0), version_string='57.0')",Firefox Mobile,57.0,"OperatingSystem(family='Android', version=(3, 1), version_string='3.1')",Android,3.1,"Device(family='Generic Tablet', brand='Generic', model='Tablet')",Generic Tablet,Generic,Tablet,Generic Tablet / Android 3.1 / Firefox Mobile 57.0
131,Mozilla/5.0 (Android 4.4.3; Mobile; rv:26.0) Gecko/26.0 Firefox/26.0,"Browser(family='Firefox Mobile', version=(26, 0), version_string='26.0')",Firefox Mobile,26.0,"OperatingSystem(family='Android', version=(4, 4, 3), version_string='4.4.3')",Android,4.4.3,"Device(family='Generic Smartphone', brand='Generic', model='Smartphone')",Generic Smartphone,Generic,Smartphone,Generic Smartphone / Android 4.4.3 / Firefox Mobile 26.0
132,"Mozilla/5.0 (iPhone; CPU iPhone OS 3_1_3 like Mac OS X) AppleWebKit/535.1 (KHTML, like Gecko) FxiOS/13.7w2563.0 Mobile/35A971 Safari/535.1","Browser(family='Firefox iOS', version=(13, 7), version_string='13.7')",Firefox iOS,13.7,"OperatingSystem(family='iOS', version=(3, 1, 3), version_string='3.1.3')",iOS,3.1.3,"Device(family='iPhone', brand='Apple', model='iPhone')",iPhone,Apple,iPhone,iPhone / iOS 3.1.3 / Firefox iOS 13.7
133,"Mozilla/5.0 (iPad; CPU iPad OS 9_3_5 like Mac OS X) AppleWebKit/533.2 (KHTML, like Gecko) CriOS/59.0.893.0 Mobile/16K591 Safari/533.2","Browser(family='Chrome Mobile iOS', version=(59, 0, 893), version_string='59.0.893')",Chrome Mobile iOS,59.0.893,"OperatingSystem(family='iOS', version=(9, 3, 5), version_string='9.3.5')",iOS,9.3.5,"Device(family='iPad', brand='Apple', model='iPad')",iPad,Apple,iPad,iPad / iOS 9.3.5 / Chrome Mobile iOS 59.0.893
134,Mozilla/5.0 (Android 3.2.1; Mobile; rv:17.0) Gecko/17.0 Firefox/17.0,"Browser(family='Firefox Mobile', version=(17, 0), version_string='17.0')",Firefox Mobile,17.0,"OperatingSystem(family='Android', version=(3, 2, 1), version_string='3.2.1')",Android,3.2.1,"Device(family='Generic Tablet', brand='Generic', model='Tablet')",Generic Tablet,Generic,Tablet,Generic Tablet / Android 3.2.1 / Firefox Mobile 17.0
135,"Mozilla/5.0 (iPad; CPU iPad OS 7_1_2 like Mac OS X) AppleWebKit/535.1 (KHTML, like Gecko) CriOS/49.0.806.0 Mobile/73U278 Safari/535.1","Browser(family='Chrome Mobile iOS', version=(49, 0, 806), version_string='49.0.806')",Chrome Mobile iOS,49.0.806,"OperatingSystem(family='iOS', version=(7, 1, 2), version_string='7.1.2')",iOS,7.1.2,"Device(family='iPad', brand='Apple', model='iPad')",iPad,Apple,iPad,iPad / iOS 7.1.2 / Chrome Mobile iOS 49.0.806
136,Mozilla/5.0 (Android 3.2.6; Mobile; rv:45.0) Gecko/45.0 Firefox/45.0,"Browser(family='Firefox Mobile', version=(45, 0), version_string='45.0')",Firefox Mobile,45.0,"OperatingSystem(family='Android', version=(3, 2, 6), version_string='3.2.6')",Android,3.2.6,"Device(family='Generic Tablet', brand='Generic', model='Tablet')",Generic Tablet,Generic,Tablet,Generic Tablet / Android 3.2.6 / Firefox Mobile 45.0
137,"Mozilla/5.0 (iPod; U; CPU iPhone OS 3_0 like Mac OS X; si-LK) AppleWebKit/535.10.6 (KHTML, like Gecko) Version/4.0.5 Mobile/8B117 Safari/6535.10.6","Browser(family='Mobile Safari', version=(4, 0, 5), version_string='4.0.5')",Mobile Safari,4.0.5,"OperatingSystem(family='iOS', version=(3, 0), version_string='3.0')",iOS,3.0,"Device(family='iPod', brand='Apple', model='iPod')",iPod,Apple,iPod,iPod / iOS 3.0 / Mobile Safari 4.0.5
138,"Mozilla/5.0 (iPad; CPU iPad OS 6_1_6 like Mac OS X) AppleWebKit/533.2 (KHTML, like Gecko) FxiOS/18.3x4681.0 Mobile/20I089 Safari/533.2","Browser(family='Firefox iOS', version=(18, 3), version_string='18.3')",Firefox iOS,18.3,"OperatingSystem(family='iOS', version=(6, 1, 6), version_string='6.1.6')",iOS,6.1.6,"Device(family='iPad', brand='Apple', model='iPad')",iPad,Apple,iPad,iPad / iOS 6.1.6 / Firefox iOS 18.3
139,"Mozilla/5.0 (Linux; Android 2.2.2) AppleWebKit/531.1 (KHTML, like Gecko) Chrome/59.0.841.0 Safari/531.1","Browser(family='Chrome', version=(59, 0, 841), version_string='59.0.841')",Chrome,59.0.841,"OperatingSystem(family='Android', version=(2, 2, 2), version_string='2.2.2')",Android,2.2.2,"Device(family='Generic Smartphone', brand='Generic', model='Smartphone')",Generic Smartphone,Generic,Smartphone,Generic Smartphone / Android 2.2.2 / Chrome 59.0.841
140,"Mozilla/5.0 (iPod; U; CPU iPhone OS 4_2 like Mac OS X; tig-ER) AppleWebKit/534.36.4 (KHTML, like Gecko) Version/4.0.5 Mobile/8B116 Safari/6534.36.4","Browser(family='Mobile Safari', version=(4, 0, 5), version_string='4.0.5')",Mobile Safari,4.0.5,"OperatingSystem(family='iOS', version=(4, 2), version_string='4.2')",iOS,4.2,"Device(family='iPod', brand='Apple', model='iPod')",iPod,Apple,iPod,iPod / iOS 4.2 / Mobile Safari 4.0.5
141,"Mozilla/5.0 (iPhone; CPU iPhone OS 14_2 like Mac OS X) AppleWebKit/535.0 (KHTML, like Gecko) FxiOS/9.8q4639.0 Mobile/41X612 Safari/535.0","Browser(family='Firefox iOS', version=(9, 8), version_string='9.8')",Firefox iOS,9.8,"OperatingSystem(family='iOS', version=(14, 2), version_string='14.2')",iOS,14.2,"Device(family='iPhone', brand='Apple', model='iPhone')",iPhone,Apple,iPhone,iPhone / iOS 14.2 / Firefox iOS 9.8
142,"Mozilla/5.0 (iPhone; CPU iPhone OS 10_3_4 like Mac OS X) AppleWebKit/535.2 (KHTML, like Gecko) CriOS/25.0.884.0 Mobile/43B375 Safari/535.2","Browser(family='Chrome Mobile iOS', version=(25, 0, 884), version_string='25.0.884')",Chrome Mobile iOS,25.0.884,"OperatingSystem(family='iOS', version=(10, 3, 4), version_string='10.3.4')",iOS,10.3.4,"Device(family='iPhone', brand='Apple', model='iPhone')",iPhone,Apple,iPhone,iPhone / iOS 10.3.4 / Chrome Mobile iOS 25.0.884
143,"Mozilla/5.0 (iPod; U; CPU iPhone OS 4_3 like Mac OS X; da-DK) AppleWebKit/535.12.1 (KHTML, like Gecko) Version/3.0.5 Mobile/8B117 Safari/6535.12.1","Browser(family='Mobile Safari', version=(3, 0, 5), version_string='3.0.5')",Mobile Safari,3.0.5,"OperatingSystem(family='iOS', version=(4, 3), version_string='4.3')",iOS,4.3,"Device(family='iPod', brand='Apple', model='iPod')",iPod,Apple,iPod,iPod / iOS 4.3 / Mobile Safari 3.0.5
144,"Mozilla/5.0 (iPhone; CPU iPhone OS 4_2_1 like Mac OS X) AppleWebKit/531.0 (KHTML, like Gecko) FxiOS/9.1z9639.0 Mobile/08M046 Safari/531.0","Browser(family='Firefox iOS', version=(9, 1), version_string='9.1')",Firefox iOS,9.1,"OperatingSystem(family='iOS', version=(4, 2, 1), version_string='4.2.1')",iOS,4.2.1,"Device(family='iPhone', brand='Apple', model='iPhone')",iPhone,Apple,iPhone,iPhone / iOS 4.2.1 / Firefox iOS 9.1
145,Mozilla/5.0 (Android 3.2; Mobile; rv:25.0) Gecko/25.0 Firefox/25.0,"Browser(family='Firefox Mobile', version=(25, 0), version_string='25.0')",Firefox Mobile,25.0,"OperatingSystem(family='Android', version=(3, 2), version_string='3.2')",Android,3.2,"Device(family='Generic Tablet', brand='Generic', model='Tablet')",Generic Tablet,Generic,Tablet,Generic Tablet / Android 3.2 / Firefox Mobile 25.0
146,"Mozilla/5.0 (Linux; Android 3.1) AppleWebKit/531.0 (KHTML, like Gecko) Chrome/28.0.806.0 Safari/531.0","Browser(family='Chrome', version=(28, 0, 806), version_string='28.0.806')",Chrome,28.0.806,"OperatingSystem(family='Android', version=(3, 1), version_string='3.1')",Android,3.1,"Device(family='Generic Tablet', brand='Generic', model='Tablet')",Generic Tablet,Generic,Tablet,Generic Tablet / Android 3.1 / Chrome 28.0.806
147,Mozilla/5.0 (Android 8.1.0; Mobile; rv:22.0) Gecko/22.0 Firefox/22.0,"Browser(family='Firefox Mobile', version=(22, 0), version_string='22.0')",Firefox Mobile,22.0,"OperatingSystem(family='Android', version=(8, 1, 0), version_string='8.1.0')",Android,8.1.0,"Device(family='Generic Smartphone', brand='Generic', model='Smartphone')",Generic Smartphone,Generic,Smartphone,Generic Smartphone / Android 8.1.0 / Firefox Mobile 22.0
148,Mozilla/5.0 (Android 3.2.2; Mobile; rv:35.0) Gecko/35.0 Firefox/35.0,"Browser(family='Firefox Mobile', version=(35, 0), version_string='35.0')",Firefox Mobile,35.0,"OperatingSystem(family='Android', version=(3, 2, 2), version_string='3.2.2')",Android,3.2.2,"Device(family='Generic Tablet', brand='Generic', model='Tablet')",Generic Tablet,Generic,Tablet,Generic Tablet / Android 3.2.2 / Firefox Mobile 35.0
149,Mozilla/5.0 (Android 2.3.2; Mobile; rv:55.0) Gecko/55.0 Firefox/55.0,"Browser(family='Firefox Mobile', version=(55, 0), version_string='55.0')",Firefox Mobile,55.0,"OperatingSystem(family='Android', version=(2, 3, 2), version_string='2.3.2')",Android,2.3.2,"Device(family='Generic Smartphone', brand='Generic', model='Smartphone')",Generic Smartphone,Generic,Smartphone,Generic Smartphone / Android 2.3.2 / Firefox Mobile 55.0
150,Mozilla/5.0 (Android 7.1.2; Mobile; rv:48.0) Gecko/48.0 Firefox/48.0,"Browser(family='Firefox Mobile', version=(48, 0), version_string='48.0')",Firefox Mobile,48.0,"OperatingSystem(family='Android', version=(7, 1, 2), version_string='7.1.2')",Android,7.1.2,"Device(family='Generic Smartphone', brand='Generic', model='Smartphone')",Generic Smartphone,Generic,Smartphone,Generic Smartphone / Android 7.1.2 / Firefox Mobile 48.0
151,"Mozilla/5.0 (Linux; Android 2.3.5) AppleWebKit/534.2 (KHTML, like Gecko) Chrome/55.0.860.0 Safari/534.2","Browser(family='Chrome', version=(55, 0, 860), version_string='55.0.860')",Chrome,55.0.860,"OperatingSystem(family='Android', version=(2, 3, 5), version_string='2.3.5')",Android,2.3.5,"Device(family='Generic Smartphone', brand='Generic', model='Smartphone')",Generic Smartphone,Generic,Smartphone,Generic Smartphone / Android 2.3.5 / Chrome 55.0.860
152,"Mozilla/5.0 (iPhone; CPU iPhone OS 10_3_4 like Mac OS X) AppleWebKit/534.2 (KHTML, like Gecko) FxiOS/14.2l3330.0 Mobile/29J277 Safari/534.2","Browser(family='Firefox iOS', version=(14, 2), version_string='14.2')",Firefox iOS,14.2,"OperatingSystem(family='iOS', version=(10, 3, 4), version_string='10.3.4')",iOS,10.3.4,"Device(family='iPhone', brand='Apple', model='iPhone')",iPhone,Apple,iPhone,iPhone / iOS 10.3.4 / Firefox iOS 14.2
153,"Mozilla/5.0 (Linux; Android 4.0.2) AppleWebKit/534.2 (KHTML, like Gecko) Chrome/30.0.888.0 Safari/534.2","Browser(family='Chrome', version=(30, 0, 888), version_string='30.0.888')",Chrome,30.0.888,"OperatingSystem(family='Android', version=(4, 0, 2), version_string='4.0.2')",Android,4.0.2,"Device(family='Generic Smartphone', brand='Generic', model='Smartphone')",Generic Smartphone,Generic,Smartphone,Generic Smartphone / Android 4.0.2 / Chrome 30.0.888
154,"Mozilla/5.0 (iPad; CPU iPad OS 10_3_4 like Mac OS X) AppleWebKit/535.1 (KHTML, like Gecko) CriOS/35.0.877.0 Mobile/01L184 Safari/535.1","Browser(family='Chrome Mobile iOS', version=(35, 0, 877), version_string='35.0.877')",Chrome Mobile iOS,35.0.877,"OperatingSystem(family='iOS', version=(10, 3, 4), version_string='10.3.4')",iOS,10.3.4,"Device(family='iPad', brand='Apple', model='iPad')",iPad,Apple,iPad,iPad / iOS 10.3.4 / Chrome Mobile iOS 35.0.877
155,"Mozilla/5.0 (iPod; U; CPU iPhone OS 3_2 like Mac OS X; ayc-PE) AppleWebKit/532.45.1 (KHTML, like Gecko) Version/4.0.5 Mobile/8B113 Safari/6532.45.1","Browser(family='Mobile Safari', version=(4, 0, 5), version_string='4.0.5')",Mobile Safari,4.0.5,"OperatingSystem(family='iOS', version=(3, 2), version_string='3.2')",iOS,3.2,"Device(family='iPod', brand='Apple', model='iPod')",iPod,Apple,iPod,iPod / iOS 3.2 / Mobile Safari 4.0.5
156,"Mozilla/5.0 (iPod; U; CPU iPhone OS 3_1 like Mac OS X; uk-UA) AppleWebKit/534.5.5 (KHTML, like Gecko) Version/3.0.5 Mobile/8B115 Safari/6534.5.5","Browser(family='Mobile Safari', version=(3, 0, 5), version_string='3.0.5')",Mobile Safari,3.0.5,"OperatingSystem(family='iOS', version=(3, 1), version_string='3.1')",iOS,3.1,"Device(family='iPod', brand='Apple', model='iPod')",iPod,Apple,iPod,iPod / iOS 3.1 / Mobile Safari 3.0.5
157,"Mozilla/5.0 (iPod; U; CPU iPhone OS 4_3 like Mac OS X; oc-FR) AppleWebKit/534.46.4 (KHTML, like Gecko) Version/4.0.5 Mobile/8B112 Safari/6534.46.4","Browser(family='Mobile Safari', version=(4, 0, 5), version_string='4.0.5')",Mobile Safari,4.0.5,"OperatingSystem(family='iOS', version=(4, 3), version_string='4.3')",iOS,4.3,"Device(family='iPod', brand='Apple', model='iPod')",iPod,Apple,iPod,iPod / iOS 4.3 / Mobile Safari 4.0.5
158,"Mozilla/5.0 (iPad; CPU iPad OS 6_1_6 like Mac OS X) AppleWebKit/531.0 (KHTML, like Gecko) CriOS/52.0.819.0 Mobile/22Y580 Safari/531.0","Browser(family='Chrome Mobile iOS', version=(52, 0, 819), version_string='52.0.819')",Chrome Mobile iOS,52.0.819,"OperatingSystem(family='iOS', version=(6, 1, 6), version_string='6.1.6')",iOS,6.1.6,"Device(family='iPad', brand='Apple', model='iPad')",iPad,Apple,iPad,iPad / iOS 6.1.6 / Chrome Mobile iOS 52.0.819
159,Mozilla/5.0 (Android 3.0; Mobile; rv:34.0) Gecko/34.0 Firefox/34.0,"Browser(family='Firefox Mobile', version=(34, 0), version_string='34.0')",Firefox Mobile,34.0,"OperatingSystem(family='Android', version=(3, 0), version_string='3.0')",Android,3.0,"Device(family='Generic Tablet', brand='Generic', model='Tablet')",Generic Tablet,Generic,Tablet,Generic Tablet / Android 3.0 / Firefox Mobile 34.0
160,"Mozilla/5.0 (iPod; U; CPU iPhone OS 4_3 like Mac OS X; so-KE) AppleWebKit/532.3.2 (KHTML, like Gecko) Version/3.0.5 Mobile/8B113 Safari/6532.3.2","Browser(family='Mobile Safari', version=(3, 0, 5), version_string='3.0.5')",Mobile Safari,3.0.5,"OperatingSystem(family='iOS', version=(4, 3), version_string='4.3')",iOS,4.3,"Device(family='iPod', brand='Apple', model='iPod')",iPod,Apple,iPod,iPod / iOS 4.3 / Mobile Safari 3.0.5
161,"Mozilla/5.0 (iPod; U; CPU iPhone OS 3_1 like Mac OS X; el-CY) AppleWebKit/534.10.4 (KHTML, like Gecko) Version/4.0.5 Mobile/8B113 Safari/6534.10.4","Browser(family='Mobile Safari', version=(4, 0, 5), version_string='4.0.5')",Mobile Safari,4.0.5,"OperatingSystem(family='iOS', version=(3, 1), version_string='3.1')",iOS,3.1,"Device(family='iPod', brand='Apple', model='iPod')",iPod,Apple,iPod,iPod / iOS 3.1 / Mobile Safari 4.0.5
162,"Mozilla/5.0 (iPhone; CPU iPhone OS 9_3_5 like Mac OS X) AppleWebKit/532.1 (KHTML, like Gecko) CriOS/18.0.805.0 Mobile/62V543 Safari/532.1","Browser(family='Chrome Mobile iOS', version=(18, 0, 805), version_string='18.0.805')",Chrome Mobile iOS,18.0.805,"OperatingSystem(family='iOS', version=(9, 3, 5), version_string='9.3.5')",iOS,9.3.5,"Device(family='iPhone', brand='Apple', model='iPhone')",iPhone,Apple,iPhone,iPhone / iOS 9.3.5 / Chrome Mobile iOS 18.0.805
163,"Mozilla/5.0 (iPad; CPU iPad OS 3_1_3 like Mac OS X) AppleWebKit/531.1 (KHTML, like Gecko) CriOS/57.0.813.0 Mobile/52R472 Safari/531.1","Browser(family='Chrome Mobile iOS', version=(57, 0, 813), version_string='57.0.813')",Chrome Mobile iOS,57.0.813,"OperatingSystem(family='iOS', version=(3, 1, 3), version_string='3.1.3')",iOS,3.1.3,"Device(family='iPad', brand='Apple', model='iPad')",iPad,Apple,iPad,iPad / iOS 3.1.3 / Chrome Mobile iOS 57.0.813
164,Mozilla/5.0 (Android 4.0.2; Mobile; rv:9.0) Gecko/9.0 Firefox/9.0,"Browser(family='Firefox Mobile', version=(9, 0), version_string='9.0')",Firefox Mobile,9.0,"OperatingSystem(family='Android', version=(4, 0, 2), version_string='4.0.2')",Android,4.0.2,"Device(family='Generic Smartphone', brand='Generic', model='Smartphone')",Generic Smartphone,Generic,Smartphone,Generic Smartphone / Android 4.0.2 / Firefox Mobile 9.0
165,"Mozilla/5.0 (Linux; Android 4.4.4) AppleWebKit/532.1 (KHTML, like Gecko) Chrome/62.0.858.0 Safari/532.1","Browser(family='Chrome', version=(62, 0, 858), version_string='62.0.858')",Chrome,62.0.858,"OperatingSystem(family='Android', version=(4, 4, 4), version_string='4.4.4')",Android,4.4.4,"Device(family='Generic Smartphone', brand='Generic', model='Smartphone')",Generic Smartphone,Generic,Smartphone,Generic Smartphone / Android 4.4.4 / Chrome 62.0.858
166,Mozilla/5.0 (Android 2.2.3; Mobile; rv:56.0) Gecko/56.0 Firefox/56.0,"Browser(family='Firefox Mobile', version=(56, 0), version_string='56.0')",Firefox Mobile,56.0,"OperatingSystem(family='Android', version=(2, 2, 3), version_string='2.2.3')",Android,2.2.3,"Device(family='Generic Smartphone', brand='Generic', model='Smartphone')",Generic Smartphone,Generic,Smartphone,Generic Smartphone / Android 2.2.3 / Firefox Mobile 56.0
167,"Mozilla/5.0 (iPhone; CPU iPhone OS 4_2_1 like Mac OS X) AppleWebKit/531.1 (KHTML, like Gecko) CriOS/59.0.885.0 Mobile/54N235 Safari/531.1","Browser(family='Chrome Mobile iOS', version=(59, 0, 885), version_string='59.0.885')",Chrome Mobile iOS,59.0.885,"OperatingSystem(family='iOS', version=(4, 2, 1), version_string='4.2.1')",iOS,4.2.1,"Device(family='iPhone', brand='Apple', model='iPhone')",iPhone,Apple,iPhone,iPhone / iOS 4.2.1 / Chrome Mobile iOS 59.0.885
168,"Mozilla/5.0 (iPod; U; CPU iPhone OS 4_0 like Mac OS X; en-ZA) AppleWebKit/532.21.6 (KHTML, like Gecko) Version/4.0.5 Mobile/8B113 Safari/6532.21.6","Browser(family='Mobile Safari', version=(4, 0, 5), version_string='4.0.5')",Mobile Safari,4.0.5,"OperatingSystem(family='iOS', version=(4, 0), version_string='4.0')",iOS,4.0,"Device(family='iPod', brand='Apple', model='iPod')",iPod,Apple,iPod,iPod / iOS 4.0 / Mobile Safari 4.0.5
169,"Mozilla/5.0 (Linux; Android 6.0) AppleWebKit/532.1 (KHTML, like Gecko) Chrome/19.0.811.0 Safari/532.1","Browser(family='Chrome', version=(19, 0, 811), version_string='19.0.811')",Chrome,19.0.811,"OperatingSystem(family='Android', version=(6, 0), version_string='6.0')",Android,6.0,"Device(family='Generic Smartphone', brand='Generic', model='Smartphone')",Generic Smartphone,Generic,Smartphone,Generic Smartphone / Android 6.0 / Chrome 19.0.811
170,"Mozilla/5.0 (iPod; U; CPU iPhone OS 3_3 like Mac OS X; st-ZA) AppleWebKit/534.13.5 (KHTML, like Gecko) Version/3.0.5 Mobile/8B112 Safari/6534.13.5","Browser(family='Mobile Safari', version=(3, 0, 5), version_string='3.0.5')",Mobile Safari,3.0.5,"OperatingSystem(family='iOS', version=(3, 3), version_string='3.3')",iOS,3.3,"Device(family='iPod', brand='Apple', model='iPod')",iPod,Apple,iPod,iPod / iOS 3.3 / Mobile Safari 3.0.5
171,Mozilla/5.0 (Android 4.2; Mobile; rv:46.0) Gecko/46.0 Firefox/46.0,"Browser(family='Firefox Mobile', version=(46, 0), version_string='46.0')",Firefox Mobile,46.0,"OperatingSystem(family='Android', version=(4, 2), version_string='4.2')",Android,4.2,"Device(family='Generic Smartphone', brand='Generic', model='Smartphone')",Generic Smartphone,Generic,Smartphone,Generic Smartphone / Android 4.2 / Firefox Mobile 46.0
172,"Mozilla/5.0 (Linux; Android 10) AppleWebKit/531.0 (KHTML, like Gecko) Chrome/32.0.809.0 Safari/531.0","Browser(family='Chrome', version=(32, 0, 809), version_string='32.0.809')",Chrome,32.0.809,"OperatingSystem(family='Android', version=(10,), version_string='10')",Android,10,"Device(family='Generic Smartphone', brand='Generic', model='Smartphone')",Generic Smartphone,Generic,Smartphone,Generic Smartphone / Android 10 / Chrome 32.0.809
173,"Mozilla/5.0 (Linux; Android 7.1) AppleWebKit/531.1 (KHTML, like Gecko) Chrome/45.0.813.0 Safari/531.1","Browser(family='Chrome', version=(45, 0, 813), version_string='45.0.813')",Chrome,45.0.813,"OperatingSystem(family='Android', version=(7, 1), version_string='7.1')",Android,7.1,"Device(family='Generic Smartphone', brand='Generic', model='Smartphone')",Generic Smartphone,Generic,Smartphone,Generic Smartphone / Android 7.1 / Chrome 45.0.813
174,Mozilla/5.0 (Android 11; Mobile; rv:49.0) Gecko/49.0 Firefox/49.0,"Browser(family='Firefox Mobile', version=(49, 0), version_string='49.0')",Firefox Mobile,49.0,"OperatingSystem(family='Android', version=(11,), version_string='11')",Android,11,"Device(family='Generic Smartphone', brand='Generic', model='Smartphone')",Generic Smartphone,Generic,Smartphone,Generic Smartphone / Android 11 / Firefox Mobile 49.0
175,"Mozilla/5.0 (Linux; Android 1.5) AppleWebKit/535.1 (KHTML, like Gecko) Chrome/54.0.883.0 Safari/535.1","Browser(family='Chrome', version=(54, 0, 883), version_string='54.0.883')",Chrome,54.0.883,"OperatingSystem(family='Android', version=(1, 5), version_string='1.5')",Android,1.5,"Device(family='Generic Smartphone', brand='Generic', model='Smartphone')",Generic Smartphone,Generic,Smartphone,Generic Smartphone / Android 1.5 / Chrome 54.0.883
176,"Mozilla/5.0 (Linux; Android 1.5) AppleWebKit/532.0 (KHTML, like Gecko) Chrome/33.0.844.0 Safari/532.0","Browser(family='Chrome', version=(33, 0, 844), version_string='33.0.844')",Chrome,33.0.844,"OperatingSystem(family='Android', version=(1, 5), version_string='1.5')",Android,1.5,"Device(family='Generic Smartphone', brand='Generic', model='Smartphone')",Generic Smartphone,Generic,Smartphone,Generic Smartphone / Android 1.5 / Chrome 33.0.844
177,"Mozilla/5.0 (Linux; Android 7.1) AppleWebKit/533.2 (KHTML, like Gecko) Chrome/52.0.849.0 Safari/533.2","Browser(family='Chrome', version=(52, 0, 849), version_string='52.0.849')",Chrome,52.0.849,"OperatingSystem(family='Android', version=(7, 1), version_string='7.1')",Android,7.1,"Device(family='Generic Smartphone', brand='Generic', model='Smartphone')",Generic Smartphone,Generic,Smartphone,Generic Smartphone / Android 7.1 / Chrome 52.0.849
178,"Mozilla/5.0 (Linux; Android 10) AppleWebKit/532.2 (KHTML, like Gecko) Chrome/41.0.852.0 Safari/532.2","Browser(family='Chrome', version=(41, 0, 852), version_string='41.0.852')",Chrome,41.0.852,"OperatingSystem(family='Android', version=(10,), version_string='10')",Android,10,"Device(family='Generic Smartphone', brand='Generic', model='Smartphone')",Generic Smartphone,Generic,Smartphone,Generic Smartphone / Android 10 / Chrome 41.0.852
179,"Mozilla/5.0 (Linux; Android 7.0) AppleWebKit/532.2 (KHTML, like Gecko) Chrome/42.0.837.0 Safari/532.2","Browser(family='Chrome', version=(42, 0, 837), version_string='42.0.837')",Chrome,42.0.837,"OperatingSystem(family='Android', version=(7, 0), version_string='7.0')",Android,7.0,"Device(family='Generic Smartphone', brand='Generic', model='Smartphone')",Generic Smartphone,Generic,Smartphone,Generic Smartphone / Android 7.0 / Chrome 42.0.837
180,Mozilla/5.0 (Android 8.1.0; Mobile; rv:24.0) Gecko/24.0 Firefox/24.0,"Browser(family='Firefox Mobile', version=(24, 0), version_string='24.0')",Firefox Mobile,24.0,"OperatingSystem(family='Android', version=(8, 1, 0), version_string='8.1.0')",Android,8.1.0,"Device(family='Generic Smartphone', brand='Generic', model='Smartphone')",Generic Smartphone,Generic,Smartphone,Generic Smartphone / Android 8.1.0 / Firefox Mobile 24.0
181,Mozilla/5.0 (Android 2.1; Mobile; rv:62.0) Gecko/62.0 Firefox/62.0,"Browser(family='Firefox Mobile', version=(62, 0), version_string='62.0')",Firefox Mobile,62.0,"OperatingSystem(family='Android', version=(2, 1), version_string='2.1')",Android,2.1,"Device(family='Generic Smartphone', brand='Generic', model='Smartphone')",Generic Smartphone,Generic,Smartphone,Generic Smartphone / Android 2.1 / Firefox Mobile 62.0
182,"Mozilla/5.0 (Linux; Android 4.4.3) AppleWebKit/535.0 (KHTML, like Gecko) Chrome/19.0.880.0 Safari/535.0","Browser(family='Chrome', version=(19, 0, 880), version_string='19.0.880')",Chrome,19.0.880,"OperatingSystem(family='Android', version=(4, 4, 3), version_string='4.4.3')",Android,4.4.3,"Device(family='Generic Smartphone', brand='Generic', model='Smartphone')",Generic Smartphone,Generic,Smartphone,Generic Smartphone / Android 4.4.3 / Chrome 19.0.880
183,Mozilla/5.0 (Android 4.4.2; Mobile; rv:55.0) Gecko/55.0 Firefox/55.0,"Browser(family='Firefox Mobile', version=(55, 0), version_string='55.0')",Firefox Mobile,55.0,"OperatingSystem(family='Android', version=(4, 4, 2), version_string='4.4.2')",Android,4.4.2,"Device(family='Generic Smartphone', brand='Generic', model='Smartphone')",Generic Smartphone,Generic,Smartphone,Generic Smartphone / Android 4.4.2 / Firefox Mobile 55.0
184,Mozilla/5.0 (Android 2.3.5; Mobile; rv:19.0) Gecko/19.0 Firefox/19.0,"Browser(family='Firefox Mobile', version=(19, 0), version_string='19.0')",Firefox Mobile,19.0,"OperatingSystem(family='Android', version=(2, 3, 5), version_string='2.3.5')",Android,2.3.5,"Device(family='Generic Smartphone', brand='Generic', model='Smartphone')",Generic Smartphone,Generic,Smartphone,Generic Smartphone / Android 2.3.5 / Firefox Mobile 19.0
185,Mozilla/5.0 (Android 5.0; Mobile; rv:61.0) Gecko/61.0 Firefox/61.0,"Browser(family='Firefox Mobile', version=(61, 0), version_string='61.0')",Firefox Mobile,61.0,"OperatingSystem(family='Android', version=(5, 0), version_string='5.0')",Android,5.0,"Device(family='Generic Smartphone', brand='Generic', model='Smartphone')",Generic Smartphone,Generic,Smartphone,Generic Smartphone / Android 5.0 / Firefox Mobile 61.0
186,"Mozilla/5.0 (Linux; Android 4.0.4) AppleWebKit/533.1 (KHTML, like Gecko) Chrome/32.0.880.0 Safari/533.1","Browser(family='Chrome', version=(32, 0, 880), version_string='32.0.880')",Chrome,32.0.880,"OperatingSystem(family='Android', version=(4, 0, 4), version_string='4.0.4')",Android,4.0.4,"Device(family='Generic Smartphone', brand='Generic', model='Smartphone')",Generic Smartphone,Generic,Smartphone,Generic Smartphone / Android 4.0.4 / Chrome 32.0.880
187,"Mozilla/5.0 (Linux; Android 2.3.2) AppleWebKit/533.2 (KHTML, like Gecko) Chrome/32.0.864.0 Safari/533.2","Browser(family='Chrome', version=(32, 0, 864), version_string='32.0.864')",Chrome,32.0.864,"OperatingSystem(family='Android', version=(2, 3, 2), version_string='2.3.2')",Android,2.3.2,"Device(family='Generic Smartphone', brand='Generic', model='Smartphone')",Generic Smartphone,Generic,Smartphone,Generic Smartphone / Android 2.3.2 / Chrome 32.0.864
188,"Mozilla/5.0 (Linux; Android 4.4) AppleWebKit/535.0 (KHTML, like Gecko) Chrome/34.0.809.0 Safari/535.0","Browser(family='Chrome', version=(34, 0, 809), version_string='34.0.809')",Chrome,34.0.809,"OperatingSystem(family='Android', version=(4, 4), version_string='4.4')",Android,4.4,"Device(family='Generic Smartphone', brand='Generic', model='Smartphone')",Generic Smartphone,Generic,Smartphone,Generic Smartphone / Android 4.4 / Chrome 34.0.809
189,Mozilla/5.0 (Android 4.0; Mobile; rv:61.0) Gecko/61.0 Firefox/61.0,"Browser(family='Firefox Mobile', version=(61, 0), version_string='61.0')",Firefox Mobile,61.0,"OperatingSystem(family='Android', version=(4, 0), version_string='4.0')",Android,4.0,"Device(family='Generic Smartphone', brand='Generic', model='Smartphone')",Generic Smartphone,Generic,Smartphone,Generic Smartphone / Android 4.0 / Firefox Mobile 61.0
190,Mozilla/5.0 (Android 4.0.2; Mobile; rv:49.0) Gecko/49.0 Firefox/49.0,"Browser(family='Firefox Mobile', version=(49, 0), version_string='49.0')",Firefox Mobile,49.0,"OperatingSystem(family='Android', version=(4, 0, 2), version_string='4.0.2')",Android,4.0.2,"Device(family='Generic Smartphone', brand='Generic', model='Smartphone')",Generic Smartphone,Generic,Smartphone,Generic Smartphone / Android 4.0.2 / Firefox Mobile 49.0
191,Mozilla/5.0 (Android 2.2; Mobile; rv:44.0) Gecko/44.0 Firefox/44.0,"Browser(family='Firefox Mobile', version=(44, 0), version_string='44.0')",Firefox Mobile,44.0,"OperatingSystem(family='Android', version=(2, 2), version_string='2.2')",Android,2.2,"Device(family='Generic Smartphone', brand='Generic', model='Smartphone')",Generic Smartphone,Generic,Smartphone,Generic Smartphone / Android 2.2 / Firefox Mobile 44.0
192,"Mozilla/5.0 (Linux; Android 5.0) AppleWebKit/535.0 (KHTML, like Gecko) Chrome/20.0.842.0 Safari/535.0","Browser(family='Chrome', version=(20, 0, 842), version_string='20.0.842')",Chrome,20.0.842,"OperatingSystem(family='Android', version=(5, 0), version_string='5.0')",Android,5.0,"Device(family='Generic Smartphone', brand='Generic', model='Smartphone')",Generic Smartphone,Generic,Smartphone,Generic Smartphone / Android 5.0 / Chrome 20.0.842
193,Mozilla/5.0 (Android 4.0; Mobile; rv:30.0) Gecko/30.0 Firefox/30.0,"Browser(family='Firefox Mobile', version=(30, 0), version_string='30.0')",Firefox Mobile,30.0,"OperatingSystem(family='Android', version=(4, 0), version_string='4.0')",Android,4.0,"Device(family='Generic Smartphone', brand='Generic', model='Smartphone')",Generic Smartphone,Generic,Smartphone,Generic Smartphone / Android 4.0 / Firefox Mobile 30.0
194,Mozilla/5.0 (Android 4.4.2; Mobile; rv:44.0) Gecko/44.0 Firefox/44.0,"Browser(family='Firefox Mobile', version=(44, 0), version_string='44.0')",Firefox Mobile,44.0,"OperatingSystem(family='Android', version=(4, 4, 2), version_string='4.4.2')",Android,4.4.2,"Device(family='Generic Smartphone', brand='Generic', model='Smartphone')",Generic Smartphone,Generic,Smartphone,Generic Smartphone / Android 4.4.2 / Firefox Mobile 44.0
195,Mozilla/5.0 (Android 4.3; Mobile; rv:52.0) Gecko/52.0 Firefox/52.0,"Browser(family='Firefox Mobile', version=(52, 0), version_string='52.0')",Firefox Mobile,52.0,"OperatingSystem(family='Android', version=(4, 3), version_string='4.3')",Android,4.3,"Device(family='Generic Smartphone', brand='Generic', model='Smartphone')",Generic Smartphone,Generic,Smartphone,Generic Smartphone / Android 4.3 / Firefox Mobile 52.0
196,"Mozilla/5.0 (Linux; Android 2.3.1) AppleWebKit/536.0 (KHTML, like Gecko) Chrome/43.0.825.0 Safari/536.0","Browser(family='Chrome', version=(43, 0, 825), version_string='43.0.825')",Chrome,43.0.825,"OperatingSystem(family='Android', version=(2, 3, 1), version_string='2.3.1')",Android,2.3.1,"Device(family='Generic Smartphone', brand='Generic', model='Smartphone')",Generic Smartphone,Generic,Smartphone,Generic Smartphone / Android 2.3.1 / Chrome 43.0.825
197,Mozilla/5.0 (Android 3.0; Mobile; rv:28.0) Gecko/28.0 Firefox/28.0,"Browser(family='Firefox Mobile', version=(28, 0), version_string='28.0')",Firefox Mobile,28.0,"OperatingSystem(family='Android', version=(3, 0), version_string='3.0')",Android,3.0,"Device(family='Generic Tablet', brand='Generic', model='Tablet')",Generic Tablet,Generic,Tablet,Generic Tablet / Android 3.0 / Firefox Mobile 28.0
198,"Mozilla/5.0 (Linux; Android 3.2.3) AppleWebKit/534.0 (KHTML, like Gecko) Chrome/61.0.888.0 Safari/534.0","Browser(family='Chrome', version=(61, 0, 888), version_string='61.0.888')",Chrome,61.0.888,"OperatingSystem(family='Android', version=(3, 2, 3), version_string='3.2.3')",Android,3.2.3,"Device(family='Generic Tablet', brand='Generic', model='Tablet')",Generic Tablet,Generic,Tablet,Generic Tablet / Android 3.2.3 / Chrome 61.0.888
199,"Mozilla/5.0 (Linux; Android 4.3) AppleWebKit/532.2 (KHTML, like Gecko) Chrome/43.0.884.0 Safari/532.2","Browser(family='Chrome', version=(43, 0, 884), version_string='43.0.884')",Chrome,43.0.884,"OperatingSystem(family='Android', version=(4, 3), version_string='4.3')",Android,4.3,"Device(family='Generic Smartphone', brand='Generic', model='Smartphone')",Generic Smartphone,Generic,Smartphone,Generic Smartphone / Android 4.3 / Chrome 43.0.884
200,Mozilla/5.0 (Android 3.2; Mobile; rv:20.0) Gecko/20.0 Firefox/20.0,"Browser(family='Firefox Mobile', version=(20, 0), version_string='20.0')",Firefox Mobile,20.0,"OperatingSystem(family='Android', version=(3, 2), version_string='3.2')",Android,3.2,"Device(family='Generic Tablet', brand='Generic', model='Tablet')",Generic Tablet,Generic,Tablet,Generic Tablet / Android 3.2 / Firefox Mobile 20.0
201,Mozilla/5.0 (Android 3.2.5; Mobile; rv:37.0) Gecko/37.0 Firefox/37.0,"Browser(family='Firefox Mobile', version=(37, 0), version_string='37.0')",Firefox Mobile,37.0,"OperatingSystem(family='Android', version=(3, 2, 5), version_string='3.2.5')",Android,3.2.5,"Device(family='Generic Tablet', brand='Generic', model='Tablet')",Generic Tablet,Generic,Tablet,Generic Tablet / Android 3.2.5 / Firefox Mobile 37.0
202,Mozilla/5.0 (Android 7.1; Mobile; rv:36.0) Gecko/36.0 Firefox/36.0,"Browser(family='Firefox Mobile', version=(36, 0), version_string='36.0')",Firefox Mobile,36.0,"OperatingSystem(family='Android', version=(7, 1), version_string='7.1')",Android,7.1,"Device(family='Generic Smartphone', brand='Generic', model='Smartphone')",Generic Smartphone,Generic,Smartphone,Generic Smartphone / Android 7.1 / Firefox Mobile 36.0
203,"Mozilla/5.0 (Linux; Android 3.2.6) AppleWebKit/533.0 (KHTML, like Gecko) Chrome/62.0.801.0 Safari/533.0","Browser(family='Chrome', version=(62, 0, 801), version_string='62.0.801')",Chrome,62.0.801,"OperatingSystem(family='Android', version=(3, 2, 6), version_string='3.2.6')",Android,3.2.6,"Device(family='Generic Tablet', brand='Generic', model='Tablet')",Generic Tablet,Generic,Tablet,Generic Tablet / Android 3.2.6 / Chrome 62.0.801
204,"Mozilla/5.0 (Linux; Android 4.1.1) AppleWebKit/534.0 (KHTML, like Gecko) Chrome/49.0.844.0 Safari/534.0","Browser(family='Chrome', version=(49, 0, 844), version_string='49.0.844')",Chrome,49.0.844,"OperatingSystem(family='Android', version=(4, 1, 1), version_string='4.1.1')",Android,4.1.1,"Device(family='Generic Smartphone', brand='Generic', model='Smartphone')",Generic Smartphone,Generic,Smartphone,Generic Smartphone / Android 4.1.1 / Chrome 49.0.844
205,"Mozilla/5.0 (Linux; Android 2.3.6) AppleWebKit/536.1 (KHTML, like Gecko) Chrome/39.0.815.0 Safari/536.1","Browser(family='Chrome', version=(39, 0, 815), version_string='39.0.815')",Chrome,39.0.815,"OperatingSystem(family='Android', version=(2, 3, 6), version_string='2.3.6')",Android,2.3.6,"Device(family='Generic Smartphone', brand='Generic', model='Smartphone')",Generic Smartphone,Generic,Smartphone,Generic Smartphone / Android 2.3.6 / Chrome 39.0.815
206,"Mozilla/5.0 (Linux; Android 5.0) AppleWebKit/534.1 (KHTML, like Gecko) Chrome/26.0.804.0 Safari/534.1","Browser(family='Chrome', version=(26, 0, 804), version_string='26.0.804')",Chrome,26.0.804,"OperatingSystem(family='Android', version=(5, 0), version_string='5.0')",Android,5.0,"Device(family='Generic Smartphone', brand='Generic', model='Smartphone')",Generic Smartphone,Generic,Smartphone,Generic Smartphone / Android 5.0 / Chrome 26.0.804
207,Mozilla/5.0 (Android 1.6; Mobile; rv:20.0) Gecko/20.0 Firefox/20.0,"Browser(family='Firefox Mobile', version=(20, 0), version_string='20.0')",Firefox Mobile,20.0,"OperatingSystem(family='Android', version=(1, 6), version_string='1.6')",Android,1.6,"Device(family='Generic Smartphone', brand='Generic', model='Smartphone')",Generic Smartphone,Generic,Smartphone,Generic Smartphone / Android 1.6 / Firefox Mobile 20.0
208,Mozilla/5.0 (Android 9; Mobile; rv:58.0) Gecko/58.0 Firefox/58.0,"Browser(family='Firefox Mobile', version=(58, 0), version_string='58.0')",Firefox Mobile,58.0,"OperatingSystem(family='Android', version=(9,), version_string='9')",Android,9,"Device(family='Generic Smartphone', brand='Generic', model='Smartphone')",Generic Smartphone,Generic,Smartphone,Generic Smartphone / Android 9 / Firefox Mobile 58.0
209,Mozilla/5.0 (Android 2.1; Mobile; rv:60.0) Gecko/60.0 Firefox/60.0,"Browser(family='Firefox Mobile', version=(60, 0), version_string='60.0')",Firefox Mobile,60.0,"OperatingSystem(family='Android', version=(2, 1), version_string='2.1')",Android,2.1,"Device(family='Generic Smartphone', brand='Generic', model='Smartphone')",Generic Smartphone,Generic,Smartphone,Generic Smartphone / Android 2.1 / Firefox Mobile 60.0
210,Mozilla/5.0 (Android 2.0; Mobile; rv:19.0) Gecko/19.0 Firefox/19.0,"Browser(family='Firefox Mobile', version=(19, 0), version_string='19.0')",Firefox Mobile,19.0,"OperatingSystem(family='Android', version=(2, 0), version_string='2.0')",Android,2.0,"Device(family='Generic Smartphone', brand='Generic', model='Smartphone')",Generic Smartphone,Generic,Smartphone,Generic Smartphone / Android 2.0 / Firefox Mobile 19.0
